URL,Top keyword
https://www.24mantra.com/blogs/organic-food/include-roasted-chana-bengal-gram-dal-in-your-diet-plan-today/,roasted chana nutrition
https://www.24mantra.com/blogs/health-and-nutrition/top-x-vitamin-b12-foods-for-vegetarians/,vitamin b12 vegetables
https://www.24mantra.com/blogs/health-and-nutrition/green-moong-dals-nutritional-value-per-100g-8-health-facts/,moong dal nutritional value per 100g
https://www.24mantra.com/blogs/organic-food/x-astonishing-benefits-of-raisins-soaked-in-water/,raisin water benefits
https://www.24mantra.com/blogs/health-and-nutrition/calories-in-100g-of-cooked-basmati-rice-and-nutrition-facts/,rice nutritional value per 100g
https://www.24mantra.com/blogs/health-and-nutrition/ragi-nutritional-value-and-health-benefits-of-the-ancient-grain/,ragi calories
https://www.24mantra.com/blogs/recipes/multigrain-ingredients-that-make-multigrain-the-healthier-alternative/,multigrain atta ingredients list with quantity
https://www.24mantra.com/blogs/organic-food/5-benefits-of-sprouted-green-gram-for-your-health/,green gram sprouts benefits
https://www.24mantra.com/blogs/health-and-nutrition/kidney-beans-or-rajma-nutritional-facts/,rajma nutrition
https://www.24mantra.com/blogs/organic-food/toor-dal-nutritional-health-benefits/,dal nutrition
https://www.24mantra.com/blogs/health-and-nutrition/health-benefits-of-drinking-sattu-before-workout/,sattu for weight loss
https://www.24mantra.com/blogs/organic-food/proven-benefits-of-cinnamon-water/,cinnamon water benefits
https://www.24mantra.com/blogs/organic-food/fascinating-facts-you-didnt-know-about-poha/,nutritional value of poha
https://www.24mantra.com/blogs/organic-lifestyle/know-the-benefits-and-side-effects-of-ragi/,disadvantages of eating ragi
https://www.24mantra.com/blogs/health-and-nutrition/can-you-use-wheat-dalia-for-weight-loss-everything-you-need-to-know/,dalia nutrition
