url,title,content
https://www.montalvospirits.com/how-many-recipes-will-qia-restock/,How Many Recipes Will Qia Restock - Montalvospirit,"<p></p><h2><span class=""ez-toc-section"" id=""How_often_does_Qia_restock_wow_classic""></span>How often does Qia restock wow classic?<span class=""ez-toc-section-end""></span></h2>
<p>About every 10-15 minutes a seemingly random recipe appears. I bought out 3 the first time (enchant, enchant, leatherworking pattern), and then another enchant showed up. I left the enchant there this time and waited. It took about 30 minutes to spawn another leatherworking pattern.</p>
<h2><span class=""ez-toc-section"" id=""Where_is_QIA""></span>Where is QIA?<span class=""ez-toc-section-end""></span></h2>
<p>Winterspring Qia Level 15-30 Reaction Alliance Horde Affiliation(s) Everlook Location Everlook, Winterspring [ 53.7 , 49.3 ].</p>
<p></p><noscript><iframe allowfullscreen=""allowfullscreen"" frameborder=""0"" height=""500"" src=""https://www.youtube.com/embed/L0IYrYQadO8"" width=""700""></iframe></noscript>
<h2><span class=""ez-toc-section"" id=""How_often_do_vendors_restock_in_TBC_Classic""></span>How often do vendors restock in TBC Classic?<span class=""ez-toc-section-end""></span></h2>
<p>Most of the time, vendors will have one, perhaps two copies of a particular recipe. If the recipe is sold out, it will take time for it to restock. For most low-level recipes, restock time takes an hour or less. The higher level and rarer the recipe, the longer it will take to respawn.</p>
<h2><span class=""ez-toc-section"" id=""How_do_I_get_runecloth_bag_patterns""></span>How do I get runecloth bag patterns?<span class=""ez-toc-section-end""></span></h2>
<p>You just need to target the NPC once, the target macro helps if someone is sitting on the NPC.  Target Macro. /target Qia. Buy Macro. /run for i=1,GetMerchantNumItems() do local l=GetMerchantItemLink(i) if l then if l:find(“Pattern: Runecloth Bag”) then BuyMerchantItem(i, 1)end end end. Another macro option. </p>
<h2><span class=""ez-toc-section"" id=""Who_owns_Qatar_Holding""></span>Who owns Qatar Holding?<span class=""ez-toc-section-end""></span></h2>
<p>Qatar Holding LLC is a company based in Doha, Qatar, founded in April 2006 and wholly owned by the Qatar Investment Authority (“QIA”), for which it represents the main direct investment subsidiary.</p>
<h2><span class=""ez-toc-section"" id=""What_Qatar_owns_around_the_world""></span>What Qatar owns around the world?<span class=""ez-toc-section-end""></span></h2>
<p>Qatar Investment Authority holds a small stake in Fisker Automotive. It also holds about 17% stake in the Volkswagen Group, Porsche, Hochtief, as well as investments in Sainsbury’s.</p>
<h2><span class=""ez-toc-section"" id=""What_has_Qatar_invested_in""></span>What has Qatar invested in?<span class=""ez-toc-section-end""></span></h2>
<p>QIA has investments in various fields such as infrastructure, retail, health care, banking, automotive, sports, investment banking, real estate and construction, tourism, agriculture, raw materials and trade. The country also has various investments in Europe.</p>
<h2><span class=""ez-toc-section"" id=""How_often_do_vendors_restock_wow""></span>How often do vendors restock wow?<span class=""ez-toc-section-end""></span></h2>
<p>The vendors restock every 72-hours game-time.</p>
<h2><span class=""ez-toc-section"" id=""Does_runecloth_drop_in_Hellfire_Peninsula""></span>Does runecloth drop in Hellfire Peninsula?<span class=""ez-toc-section-end""></span></h2>
<p>I have found a really easy place to farm runecloth to be the unyielding footmen at fort at the southern end of Hellfire Peninsula. They have a good drop rate.</p>
<h2><span class=""ez-toc-section"" id=""What_is_the_Respawn_timer_for_the_runecloth_bag_recipe""></span>What is the Respawn timer for the runecloth bag recipe?<span class=""ez-toc-section-end""></span></h2>
<p>The restock-time of this recipe is 60 minutes. With chance it can be up to 2 hours.</p>
<h2><span class=""ez-toc-section"" id=""Where_does_mooncloth_bag_recipe_drop""></span>Where does mooncloth bag recipe drop?<span class=""ez-toc-section-end""></span></h2>
<p>Mooncloth, the recipe, is in a goblin town (neutral for both sides) and has an unlimited supply. This is in Winterspring, an area with level 54-60 monsters. Once you get the recipe, you have to find a moonwell to cast it in.</p>
<h2><span class=""ez-toc-section"" id=""Does_Qatar_have_a_royal_family""></span>Does Qatar have a royal family?<span class=""ez-toc-section-end""></span></h2>
<p>Sheikh Hamad bin Khalifa bin Hamad bin Abdullah bin Jassim bin Mohammed Al Thani (Arabic: حمد بن خليفة آل ثاني; born 1 January 1952) is a member of the ruling Al Thani Qatari royal family. Hamad bin Khalifa Al Thani Issue See link House House of Thani Father Khalifa bin Hamad Al Thani Mother Aisha bint Hamad Al Attiyah.</p>
<h2><span class=""ez-toc-section"" id=""Who_is_the_CEO_of_QIA""></span>Who is the CEO of QIA?<span class=""ez-toc-section-end""></span></h2>
<p>Mansoor Bin Ebrahim Al-Mahmoud (Sep 2018–).</p>
<h2><span class=""ez-toc-section"" id=""How_is_Qatar_rich""></span>How is Qatar rich?<span class=""ez-toc-section-end""></span></h2>
<p>Overall, Qatar controls about 13% of the global oil reserves.  This is one of the main reasons that Qatar does come in as the wealthiest country in the world. The small population combined with the amount of petroleum production guarantees them the title of the richest country in the world.</p>
<h2><span class=""ez-toc-section"" id=""Who_is_the_richest_person_of_Qatar""></span>Who is the richest person of Qatar?<span class=""ez-toc-section-end""></span></h2>
<p>Richest People in Qatar  Sheikh of Qatar. $2 Billion. Sheikh of Qatar net worth: Sheikh Tamim bin Hamad bin Khalifa Al Thani is the Emir of the State of Qatar who has a net worth of $2 billion dollars. Wissam Al Mana. $1 Billion. Wissam Al Mana is a Qatari-born retail entrepreneur who has a net worth of $1 billion. </p>
<h2><span class=""ez-toc-section"" id=""What_is_the_average_salary_in_Qatar""></span>What is the average salary in Qatar?<span class=""ez-toc-section-end""></span></h2>
<p>According to averagesalarysurvey.com, the average salary in Qatar for 2020 is currently at QR20,326 while the most typical salary is QR13,916. The median salary in Qatar is QR15,800, according to salaryexplorer.com.</p>
<h2><span class=""ez-toc-section"" id=""Is_there_a_Harrods_in_Qatar""></span>Is there a Harrods in Qatar?<span class=""ez-toc-section-end""></span></h2>
<p>Harrods Limited is a department store located on Brompton Road in Knightsbridge, London, England. It is owned by the state of Qatar via its sovereign wealth fund, the Qatar Investment Authority.Harrods. Subsidiaries Harrods Estates Harrods Aviation Air Harrods Website www.harrods.com.</p>
<h2><span class=""ez-toc-section"" id=""How_do_I_contact_QIA""></span>How do I contact QIA?<span class=""ez-toc-section-end""></span></h2>
<p>Qatar Investment Authority Contact Information Address: Q-Tel Tower, Corniche Street, PO Box 23224, Doha, Qatar Region: Middle East Country: Qatar Phone: 974-44995900 Fax: 974-4995991.</p>
<h2><span class=""ez-toc-section"" id=""Can_Expats_invest_in_Qatar_stock_market""></span>Can Expats invest in Qatar stock market?<span class=""ez-toc-section-end""></span></h2>
<p>In addition to setting up fully-owned local businesses, foreign investors, and resident expats can trade on the Qatar Stock Exchange. Furthermore, they can invest in private pension plans, and access a wide range of other financial investments in the country.</p>
<h2><span class=""ez-toc-section"" id=""Does_Qatar_own_Porsche""></span>Does Qatar own Porsche?<span class=""ez-toc-section-end""></span></h2>
<p>Qatar Holding, which owns stakes in some of the world’s largest companies, said it sold the common shares in the automaker to the Porsche and Piech families.  Europe’s largest automaker last year sealed the purchase of Porsche’s car-making business after a merger failed in a tangle of legal disputes.</p>
<h2><span class=""ez-toc-section"" id=""How_long_does_it_take_for_shops_to_restock_rust""></span>How long does it take for shops to restock rust?<span class=""ez-toc-section-end""></span></h2>
<p>From my experience 1-2 IRL days, but might vary depending on the server.</p>
<h2><span class=""ez-toc-section"" id=""How_often_do_merchants_restock_fallout3""></span>How often do merchants restock fallout3?<span class=""ez-toc-section-end""></span></h2>
<p>The 72 hours waiting thing works in Fallout 3 and you do not need to leave the building where they are. As for FNV, vendors in the main game restock Wednesdays @12 am and Sundays @12 am, so you don’t necessarily need to wait that long if that’s the route you go, just wait until the clock hits those times.</p>
<h2><span class=""ez-toc-section"" id=""How_long_does_it_take_for_vendors_to_restock_caps_fallout_76""></span>How long does it take for vendors to restock caps fallout 76?<span class=""ez-toc-section-end""></span></h2>
<p>All NPC vendors in the world share a combined cap pool of 1,400 caps, or 2,800 during a Caps-a-Plenty weekend. This cap pool is reset after 20 real-time hours after you first sell an item after the previous reset.</p>
<div class=""related-posts"">
<h6>Related Posts</h6>
<ol>
<li><a href=""/how-do-you-save-recipes-on-bin-appetit-website/"" title=""How Do You Save Recipes On Bin Appetit Website"">How Do You Save Recipes On Bin Appetit Website</a></li>
<li><a href=""/when-does-starbucks-restock-cups/"" title=""When Does Starbucks Restock Cups"">When Does Starbucks Restock Cups</a></li>
<li><a href=""/how-often-do-grocery-stores-restock/"" title=""How Often Do Grocery Stores Restock"">How Often Do Grocery Stores Restock</a></li>
<li><a href=""/what-days-do-grocery-stores-restock/"" title=""What Days Do Grocery Stores Restock"">What Days Do Grocery Stores Restock</a></li>
<li><a href=""/how-often-does-tj-maxx-restock-online/"" title=""How Often Does Tj Maxx Restock Online"">How Often Does Tj Maxx Restock Online</a></li>
<li><a href=""/how-to-make-a-potato-bin/"" title=""How To Make A Potato Bin"">How To Make A Potato Bin</a></li>
<li><a href=""/how-to-build-a-potato-bin/"" title=""How To Build A Potato Bin"">How To Build A Potato Bin</a></li>
<li><a href=""/how-to-start-a-compost-bin/"" title=""How To Start A Compost Bin"">How To Start A Compost Bin</a></li>
<li><a href=""/how-to-start-composting-in-a-bin/"" title=""How To Start Composting In A Bin"">How To Start Composting In A Bin</a></li>
<li><a href=""/can-a-compost-bin-cook-all-winter/"" title=""Can A Compost Bin Cook All Winter"">Can A Compost Bin Cook All Winter</a></li>
<li><a href=""/can-cooked-pasta-noodles-be-put-in-compost-bin/"" title=""Can Cooked Pasta Noodles Be Put In Compost Bin"">Can Cooked Pasta Noodles Be Put In Compost Bin</a></li>
<li><a href=""/can-you-put-used-cooking-oil-in-recycle-bin/"" title=""Can You Put Used Cooking Oil In Recycle Bin"">Can You Put Used Cooking Oil In Recycle Bin</a></li>
</ol>
</div>"
https://www.montalvospirits.com/how-many-recipes-on-ww-app/,Quick Answer: How Many Recipes On Ww App - Montalvospirit,"<p></p><h2><span class=""ez-toc-section"" id=""Where_are_saved_recipes_on_WW_app""></span>Where are saved recipes on WW app?<span class=""ez-toc-section-end""></span></h2>
<p>To find your saved recipes, simply tap the search bar on the food tab of My Day. Once you do this you will see a few icons and text in the section beneath the search bar, starting with the barcode scanner.</p>
<h2><span class=""ez-toc-section"" id=""What_is_wrong_with_Weight_Watchers""></span>What is wrong with Weight Watchers?<span class=""ez-toc-section-end""></span></h2>
<p>While Weight Watchers has its positive attributes, it also may lead to unhealthy dieting habits. Some people feel the constant tracking is unpleasant, and others may manipulate points (such as skipping meals to bank points for less healthy foods). It also can be costly over time.</p>
<p></p><noscript><iframe allowfullscreen=""allowfullscreen"" frameborder=""0"" height=""500"" src=""https://www.youtube.com/embed/lgzgCPorJYs"" width=""700""></iframe></noscript>
<h2><span class=""ez-toc-section"" id=""What_is_the_difference_between_WW_and_Noom""></span>What is the difference between WW and Noom?<span class=""ez-toc-section-end""></span></h2>
<p>Solely app-based, Noom helps you track your weight and monitor what you eat and when you work out.  While WW gives every food a point value, Noom assigns colors to foods to make it easy to eat more healthy foods and avoid less nutritionally-sound ones.</p>
<h2><span class=""ez-toc-section"" id=""Can_you_use_WW_app_without_membership""></span>Can you use WW app without membership?<span class=""ez-toc-section-end""></span></h2>
<p>Can I do Weight Watchers for free? YES YOU CAN! Weight Watchers is a great program because it’s not really a diet – you don’t limit any specific food intake, you just watch your portions and count points. Doing Weight Watchers for FREE is even better.</p>
<h2><span class=""ez-toc-section"" id=""How_do_I_add_food_to_WW_app""></span>How do I add food to WW app?<span class=""ez-toc-section-end""></span></h2>
<p>Here’s how simple it is.Build a recipe in the WW app in 3 easy steps  Tap the Search bar. You’ll see the bar at the top of the My Day screen in your WW app. Tap “Create” Choose “Recipes,” then click “Create” in the top right corner. Add ingredients. </p>
<p></p><noscript><iframe allowfullscreen=""allowfullscreen"" frameborder=""0"" height=""500"" loading=""lazy"" src=""https://www.youtube.com/embed/kd37GIr-Bx8"" width=""700""></iframe></noscript>
<h2><span class=""ez-toc-section"" id=""Is_there_a_free_version_of_Weight_Watchers""></span>Is there a free version of Weight Watchers?<span class=""ez-toc-section-end""></span></h2>
<p>With your free trial, you’ll have unlimited access to WW’s award-winning app, which features food, activity, water, and weight tracking; 8,000+ recipes; equipment-free workouts; and guided meditations.</p>
<h2><span class=""ez-toc-section"" id=""What_is_the_most_successful_weight_loss_program""></span>What is the most successful weight loss program?<span class=""ez-toc-section-end""></span></h2>
<p>WW (Weight Watchers) WW, formerly Weight Watchers, is one of the most popular weight loss programs worldwide. While it doesn’t restrict any food groups, people on a WW plan must eat within their set daily points to reach their ideal weight ( 57 ).</p>
<h2><span class=""ez-toc-section"" id=""What_foods_can_you_not_eat_on_Weight_Watchers""></span>What foods can you not eat on Weight Watchers?<span class=""ez-toc-section-end""></span></h2>
<p>What foods should you limit on WW (Weight Watchers) Diet?  Deep-fried foods. Pizza (restaurant-style). Fast food. Some dressings, sauces and dips. Flavored yogurt or yogurt drinks. Cured and processed meats. Cakes and pies (store-bought). Sugar-containing beverages like soda and juice. </p>
<p></p><noscript><iframe allowfullscreen=""allowfullscreen"" frameborder=""0"" height=""500"" loading=""lazy"" src=""https://www.youtube.com/embed/OflDQTn6898"" width=""700""></iframe></noscript>
<h2><span class=""ez-toc-section"" id=""Why_cant_I_lose_weight_on_Weight_Watchers""></span>Why can’t I lose weight on Weight Watchers?<span class=""ez-toc-section-end""></span></h2>
<p>You might be following the WW program perfectly but if you are eating too many calories for your body, you aren’t going to lose weight. Weight loss seems complex but at its most basic level it’s super-simple. If you are stuck and not losing weight, it’s because somewhere, somehow, you are eating too many calories.</p>
<h2><span class=""ez-toc-section"" id=""Is_keto_better_than_Weight_Watchers""></span>Is keto better than Weight Watchers?<span class=""ez-toc-section-end""></span></h2>
<p>WW and keto both rank high in the U.S. News rankings of Best Diets for Fast Weight Loss. However, WW leads the pack for Best Weight-Loss Diets overall, whereas keto ranks roughly near the middle. Within both keto and WW, there’s room to make healthy food choices among permitted foods.</p>
<h2><span class=""ez-toc-section"" id=""How_many_WW_points_are_in_a_banana""></span>How many WW points are in a banana?<span class=""ez-toc-section-end""></span></h2>
<p>All fresh fruits—including bananas—have 0 points on the Weight Watchers program. In addition to bananas, the 0 points fruit list includes apples, apricots, blueberries, grapes, oranges, pineapple, plums, raspberries, strawberries, and watermelon.</p>
<p></p><noscript><iframe allowfullscreen=""allowfullscreen"" frameborder=""0"" height=""500"" loading=""lazy"" src=""https://www.youtube.com/embed/sa50UpnXj-o"" width=""700""></iframe></noscript>
<h2><span class=""ez-toc-section"" id=""Is_Weight_Watchers_really_worth""></span>Is Weight Watchers really worth?<span class=""ez-toc-section-end""></span></h2>
<p>WW is one of the most well-researched weight loss programs available. And yes, it works. Many studies have shown that the plan can help you lose weight and keep it off. For instance, a study from The American Journal of Medicine showed that people doing WW lost more weight than those trying to drop pounds on their own.</p>
<h2><span class=""ez-toc-section"" id=""How_many_points_is_1500_calories_on_Weight_Watchers""></span>How many points is 1500 calories on Weight Watchers?<span class=""ez-toc-section-end""></span></h2>
<p>Weight Watchers Tricks: Eating Plan Our nutrition team worked with a panel of super-successful Weight Watchers’ members to create this quick-results plan. (The menus average about 27 “points” or 1,500 calories a day.)Nov 18, 2019.</p>
<h2><span class=""ez-toc-section"" id=""What_app_is_most_like_Weight_Watchers""></span>What app is most like Weight Watchers?<span class=""ez-toc-section-end""></span></h2>
<p>The 10 Best Weight Loss Apps That Help You Meet Your Goals  Fitbit App. WW App. Noom. FatSecret. Cronometer. Fooducate. PeopleOne Health. SparkPeople allows you to log your daily meals, weight, and exercise with their user-friendly tracking tools. MyNetDiary. MyNetDiary is a user-friendly calorie counter. </p>
<p></p><noscript><iframe allowfullscreen=""allowfullscreen"" frameborder=""0"" height=""500"" loading=""lazy"" src=""https://www.youtube.com/embed/1RG6AjhV3ok"" width=""700""></iframe></noscript>
<h2><span class=""ez-toc-section"" id=""What_is_the_difference_between_blue_green_and_purple_Weight_Watchers""></span>What is the difference between blue green and purple Weight Watchers?<span class=""ez-toc-section-end""></span></h2>
<p>In general, the Green plan will include fruits and non-starchy vegetables. The Blue plan will include fruits, vegetables, lean proteins, eggs, and legumes. The Purple plan will include fruits, vegetables, lean proteins, legumes, eggs, fat free dairy and whole grains.</p>
<h2><span class=""ez-toc-section"" id=""Where_are_favorite_foods_on_WW_app""></span>Where are favorite foods on WW app?<span class=""ez-toc-section-end""></span></h2>
<p>The WW app has five Tabs at the bottom of the screen: My Day, Journey, Add, Connect, and Coach. When selecting the Add tab, VoiceOver will say, “Tab.” The actual marker for that tab is a plus sign. Many features including your list of favorite foods and an extensive list of activities are found within this tab.</p>
<h2><span class=""ez-toc-section"" id=""Is_there_a_points_calculator_on_the_Weight_Watchers_App""></span>Is there a points calculator on the Weight Watchers App?<span class=""ez-toc-section-end""></span></h2>
<p>This feature is only available in the app, not on WW.com, so you’ll want to be sure to download the WW app before you start looking for it.</p>
<div class=""related-posts"">
<h6>Related Posts</h6>
<ol>
<li><a href=""/how-to-find-recipes-on-ww-app/"" title=""How To Find Recipes On Ww App"">How To Find Recipes On Ww App</a></li>
<li><a href=""/can-you-put-recipes-in-the-ww-app/"" title=""Can You Put Recipes In The Ww App"">Can You Put Recipes In The Ww App</a></li>
<li><a href=""/how-to-create-recipe-on-ww-app/"" title=""How To Create Recipe On Ww App"">How To Create Recipe On Ww App</a></li>
<li><a href=""/where-is-recipe-builder-on-ww-app/"" title=""Where Is Recipe Builder On Ww App"">Where Is Recipe Builder On Ww App</a></li>
<li><a href=""/how-to-enter-cooked-rice-in-ww-app/"" title=""How To Enter Cooked Rice In Ww App"">How To Enter Cooked Rice In Ww App</a></li>
<li><a href=""/how-to-find-saved-meals-on-ww-app/"" title=""How To Find Saved Meals On Ww App"">How To Find Saved Meals On Ww App</a></li>
<li><a href=""/can-you-share-a-recipe-in-ww-app/"" title=""Can You Share A Recipe In Ww App"">Can You Share A Recipe In Ww App</a></li>
<li><a href=""/how-to-create-a-recipe-on-ww-app/"" title=""How To Create A Recipe On Ww App"">How To Create A Recipe On Ww App</a></li>
<li><a href=""/how-to-create-a-recipe-in-ww-app/"" title=""How To Create A Recipe In Ww App"">How To Create A Recipe In Ww App</a></li>
<li><a href=""/how-to-build-a-recipe-on-ww-app/"" title=""How To Build A Recipe On Ww App"">How To Build A Recipe On Ww App</a></li>
<li><a href=""/where-is-the-recipe-builder-on-ww-app/"" title=""Where Is The Recipe Builder On Ww App"">Where Is The Recipe Builder On Ww App</a></li>
<li><a href=""/are-there-ww-recipes-for-desserts/"" title=""Are There Ww Recipes For Desserts"">Are There Ww Recipes For Desserts</a></li>
</ol>
</div>"
