Business Name,Doctor/Owner/CEO,Business Website,Business Address,Business Phone
NORTH ALABAMA FAMILY MEDICINE,Dr. Marilyn S. Ligon,http://www.alabamabioidenticalhormonedoctor.com/,"101 Westover Circle
Madison, AL 35758 United States",800-775-4902 ext. 211
LIGHT FACIAL PLASTIC SURGERY,Dr. Benjamin Light,http://www.drbenlight.com/,"1218 13th Ave SE
Decatur, AL 35601 United States",866-239-3223
THORNBURY OBSTETRICS GYNECOLOGY WOMENÃƒÆ’Ã†â€™Ãƒâ€ Ã¢â‚¬â„¢ÃƒÆ’Ã¢â‚¬Â ÃƒÂ¢Ã¢â€šÂ¬Ã¢â€žÂ¢ÃƒÆ’Ã†â€™ÃƒÂ¢Ã¢â€šÂ¬Ã…Â¡ÃƒÆ’Ã¢â‚¬Å¡Ãƒâ€šÃ‚Â¢ÃƒÆ’Ã†â€™Ãƒâ€ Ã¢â‚¬â„¢ÃƒÆ’Ã¢â‚¬Å¡Ãƒâ€šÃ‚Â¢ÃƒÆ’Ã†â€™Ãƒâ€šÃ‚Â¢ÃƒÆ’Ã‚Â¢ÃƒÂ¢Ã¢â€šÂ¬Ã…Â¡Ãƒâ€šÃ‚Â¬ÃƒÆ’Ã¢â‚¬Â¦Ãƒâ€šÃ‚Â¡ÃƒÆ’Ã†â€™ÃƒÂ¢Ã¢â€šÂ¬Ã…Â¡ÃƒÆ’Ã¢â‚¬Å¡Ãƒâ€šÃ‚Â¬ÃƒÆ’Ã†â€™Ãƒâ€ Ã¢â‚¬â„¢ÃƒÆ’Ã¢â‚¬Å¡Ãƒâ€šÃ‚Â¢ÃƒÆ’Ã†â€™Ãƒâ€šÃ‚Â¢ÃƒÆ’Ã‚Â¢ÃƒÂ¢Ã¢â€šÂ¬Ã…Â¡Ãƒâ€šÃ‚Â¬ÃƒÆ’Ã¢â‚¬Â¦Ãƒâ€šÃ‚Â¾ÃƒÆ’Ã†â€™ÃƒÂ¢Ã¢â€šÂ¬Ã…Â¡ÃƒÆ’Ã¢â‚¬Å¡Ãƒâ€šÃ‚Â¢S HEALTH CARE,Dr. Melvin D Thornbury,http://www.thornburyal.com/,"415 Martling Rd
Albertville, AL 35951 United States",256-660-5560
FAMILY HEALTHCARE MANCHESTER,,,"1321 Mcarthur St
Manchester, TN 37355 United States",931-728-0772
OBGYN ASSOCIATES OF NORTHWEST ALABAMA,"Dr. Philip Wakefield, Dr. Seaborn M. Chappell, Dr. John Musgrove, Dr. Kay Kirchler, Dr. Barbara Frazier, Dr. Elizabeth Thomas, Dr. Anita Miller, Dr. Jacqueline Ray, Dr. Rosanna Ledbetter",http://www.obgynnwal.com/,"2407 Helton Dr
Florence, AL 35630 United States",256-718-5900
"KAREN PUCKETT, MD",Dr. Karen Puckett,,"1041 N Highland Ave
Murfreesboro, TN 37129 United States",615-617-3499
ROME WOMENÃƒÆ’Ã†â€™Ãƒâ€ Ã¢â‚¬â„¢ÃƒÆ’Ã¢â‚¬Â ÃƒÂ¢Ã¢â€šÂ¬Ã¢â€žÂ¢ÃƒÆ’Ã†â€™ÃƒÂ¢Ã¢â€šÂ¬Ã…Â¡ÃƒÆ’Ã¢â‚¬Å¡Ãƒâ€šÃ‚Â¢ÃƒÆ’Ã†â€™Ãƒâ€ Ã¢â‚¬â„¢ÃƒÆ’Ã¢â‚¬Å¡Ãƒâ€šÃ‚Â¢ÃƒÆ’Ã†â€™Ãƒâ€šÃ‚Â¢ÃƒÆ’Ã‚Â¢ÃƒÂ¢Ã¢â€šÂ¬Ã…Â¡Ãƒâ€šÃ‚Â¬ÃƒÆ’Ã¢â‚¬Â¦Ãƒâ€šÃ‚Â¡ÃƒÆ’Ã†â€™ÃƒÂ¢Ã¢â€šÂ¬Ã…Â¡ÃƒÆ’Ã¢â‚¬Å¡Ãƒâ€šÃ‚Â¬ÃƒÆ’Ã†â€™Ãƒâ€ Ã¢â‚¬â„¢ÃƒÆ’Ã¢â‚¬Å¡Ãƒâ€šÃ‚Â¢ÃƒÆ’Ã†â€™Ãƒâ€šÃ‚Â¢ÃƒÆ’Ã‚Â¢ÃƒÂ¢Ã¢â€šÂ¬Ã…Â¡Ãƒâ€šÃ‚Â¬ÃƒÆ’Ã¢â‚¬Â¦Ãƒâ€šÃ‚Â¾ÃƒÆ’Ã†â€™ÃƒÂ¢Ã¢â€šÂ¬Ã…Â¡ÃƒÆ’Ã¢â‚¬Å¡Ãƒâ€šÃ‚Â¢S HEALTH CENTER,Dr. Leigh Barrell,http://www.romewomenshealthcenter.com/,"1608 Martha Berry Blvd
Rome, GA 30165 United States",706-234-7915
THE SERVICE STATION,Dr. Cherise Felix,http://www.belleencore.com/,"7180 Nolensville Rd.,
Suite 2A, Room 217 Nolensville, TN 37135 United States",615-984-4751
CENTER FOR PELVIC HEALTH,Dr. Barry Jarnagin,http://www.centerforpelvichealth.org/,"100 Covey Drive
Franklin, TN 37067 United States",615-284-4664
GRACEPOINTE HEALTHCARE,,http://gracepointehealthcare.com/,"1311 West Main St
Franklin, TN 37064 United States",615-599-6868
SANATIO HEALTH,Brandi Nicole Meads,http://www.sanatiohealthandwellness.com/,"2111 Hwy 78 E
Anniston , AL 36207 USA",256-419-0805
ALABAMA WOMENÃƒÆ’Ã†â€™Ãƒâ€ Ã¢â‚¬â„¢ÃƒÆ’Ã¢â‚¬Â ÃƒÂ¢Ã¢â€šÂ¬Ã¢â€žÂ¢ÃƒÆ’Ã†â€™ÃƒÂ¢Ã¢â€šÂ¬Ã…Â¡ÃƒÆ’Ã¢â‚¬Å¡Ãƒâ€šÃ‚Â¢ÃƒÆ’Ã†â€™Ãƒâ€ Ã¢â‚¬â„¢ÃƒÆ’Ã¢â‚¬Å¡Ãƒâ€šÃ‚Â¢ÃƒÆ’Ã†â€™Ãƒâ€šÃ‚Â¢ÃƒÆ’Ã‚Â¢ÃƒÂ¢Ã¢â€šÂ¬Ã…Â¡Ãƒâ€šÃ‚Â¬ÃƒÆ’Ã¢â‚¬Â¦Ãƒâ€šÃ‚Â¡ÃƒÆ’Ã†â€™ÃƒÂ¢Ã¢â€šÂ¬Ã…Â¡ÃƒÆ’Ã¢â‚¬Å¡Ãƒâ€šÃ‚Â¬ÃƒÆ’Ã†â€™Ãƒâ€ Ã¢â‚¬â„¢ÃƒÆ’Ã¢â‚¬Å¡Ãƒâ€šÃ‚Â¢ÃƒÆ’Ã†â€™Ãƒâ€šÃ‚Â¢ÃƒÆ’Ã‚Â¢ÃƒÂ¢Ã¢â€šÂ¬Ã…Â¡Ãƒâ€šÃ‚Â¬ÃƒÆ’Ã¢â‚¬Â¦Ãƒâ€šÃ‚Â¾ÃƒÆ’Ã†â€™ÃƒÂ¢Ã¢â€šÂ¬Ã…Â¡ÃƒÆ’Ã¢â‚¬Å¡Ãƒâ€šÃ‚Â¢S SPECIALISTS,"Ashley Tamucci, MD",http://www.alwomens.com/,"2006 brookwood medical center drive,
Suite 310 Homewood, AL 35209 United States",205.877.2121
ASSOCIATES IN WOMENÃƒÆ’Ã†â€™Ãƒâ€ Ã¢â‚¬â„¢ÃƒÆ’Ã¢â‚¬Â ÃƒÂ¢Ã¢â€šÂ¬Ã¢â€žÂ¢ÃƒÆ’Ã†â€™ÃƒÂ¢Ã¢â€šÂ¬Ã…Â¡ÃƒÆ’Ã¢â‚¬Å¡Ãƒâ€šÃ‚Â¢ÃƒÆ’Ã†â€™Ãƒâ€ Ã¢â‚¬â„¢ÃƒÆ’Ã¢â‚¬Å¡Ãƒâ€šÃ‚Â¢ÃƒÆ’Ã†â€™Ãƒâ€šÃ‚Â¢ÃƒÆ’Ã‚Â¢ÃƒÂ¢Ã¢â€šÂ¬Ã…Â¡Ãƒâ€šÃ‚Â¬ÃƒÆ’Ã¢â‚¬Â¦Ãƒâ€šÃ‚Â¡ÃƒÆ’Ã†â€™ÃƒÂ¢Ã¢â€šÂ¬Ã…Â¡ÃƒÆ’Ã¢â‚¬Å¡Ãƒâ€šÃ‚Â¬ÃƒÆ’Ã†â€™Ãƒâ€ Ã¢â‚¬â„¢ÃƒÆ’Ã¢â‚¬Å¡Ãƒâ€šÃ‚Â¢ÃƒÆ’Ã†â€™Ãƒâ€šÃ‚Â¢ÃƒÆ’Ã‚Â¢ÃƒÂ¢Ã¢â€šÂ¬Ã…Â¡Ãƒâ€šÃ‚Â¬ÃƒÆ’Ã¢â‚¬Â¦Ãƒâ€šÃ‚Â¾ÃƒÆ’Ã†â€™ÃƒÂ¢Ã¢â€šÂ¬Ã…Â¡ÃƒÆ’Ã¢â‚¬Å¡Ãƒâ€šÃ‚Â¢S HEALTH,Dr. Matthew Roberts,http://awhealth.com/awhealth/,"6845 Mountain View Road
Ooltewah, TN 37363 United States",423-910-0896
COOL SPRINGS MD,Dr. Jeffrey Lodge,http://www.coolspringsmd.com/,"1642 Westgate Cir ,
Suite 100 Brentwood, TN 37027 United States",615-283-7291
SKIN & BODY SCULPT OF TENNESSEE,Dr. Brian Beatty,http://bodysculptoftennessee.com,"1307 Old Hickory Road ,
Suite 213 Brentwood, TN 37027 United States",614-883-9988
AZIA MEDICAL SPA,,http://aziamedicalspa.com/,"153 Narrows Pkwy,
Ste 201 Birmingham, AL 35242 United States",205-980-7772
TENNESSEE WOMENÃƒÆ’Ã†â€™Ãƒâ€ Ã¢â‚¬â„¢ÃƒÆ’Ã¢â‚¬Â ÃƒÂ¢Ã¢â€šÂ¬Ã¢â€žÂ¢ÃƒÆ’Ã†â€™ÃƒÂ¢Ã¢â€šÂ¬Ã…Â¡ÃƒÆ’Ã¢â‚¬Å¡Ãƒâ€šÃ‚Â¢ÃƒÆ’Ã†â€™Ãƒâ€ Ã¢â‚¬â„¢ÃƒÆ’Ã¢â‚¬Å¡Ãƒâ€šÃ‚Â¢ÃƒÆ’Ã†â€™Ãƒâ€šÃ‚Â¢ÃƒÆ’Ã‚Â¢ÃƒÂ¢Ã¢â€šÂ¬Ã…Â¡Ãƒâ€šÃ‚Â¬ÃƒÆ’Ã¢â‚¬Â¦Ãƒâ€šÃ‚Â¡ÃƒÆ’Ã†â€™ÃƒÂ¢Ã¢â€šÂ¬Ã…Â¡ÃƒÆ’Ã¢â‚¬Å¡Ãƒâ€šÃ‚Â¬ÃƒÆ’Ã†â€™Ãƒâ€ Ã¢â‚¬â„¢ÃƒÆ’Ã¢â‚¬Å¡Ãƒâ€šÃ‚Â¢ÃƒÆ’Ã†â€™Ãƒâ€šÃ‚Â¢ÃƒÆ’Ã‚Â¢ÃƒÂ¢Ã¢â€šÂ¬Ã…Â¡Ãƒâ€šÃ‚Â¬ÃƒÆ’Ã¢â‚¬Â¦Ãƒâ€šÃ‚Â¾ÃƒÆ’Ã†â€™ÃƒÂ¢Ã¢â€šÂ¬Ã…Â¡ÃƒÆ’Ã¢â‚¬Å¡Ãƒâ€šÃ‚Â¢S HEALTH CARE,Dr. Alberto Cadena,http://www.dracadena.com/,"5002 crossings circle,
Suite 310 Mount Juliet, TN 37122 United States",(615) 866-3781
THE LETT CENTER AESTHETIC & RECONSTRUCTIVE SURGERY & MEDI-SPA,Dr. Dwayne Lett,http://thelettcenter.com/,"660 S Mt Juliet Rd,
Suite 210 Mt. Juliet, TN 37122 United States",615-443-0901
316 HEALTHCARE,,http://www.spa316bremen.com/,"211 Gordon St
Bremen, GA 30110 USA",770-537-1236
LOVEN DERMATOLOGY + AESTHETICS,Dr. Keith Loven,http://lovendermatology.com,"190D Saundersville Rd ,
Ste 2005 Hendersonville, TN 37075 United States",615-859-7546
PLASTIC SURGERY OF TUSCALOOSA / SPA BELLE LA VIE,Dr. Ross Bunch,http://www.plasticsurgeryoftuscaloosa.com/,"1847 Commons N Dr
Tuscaloosa, AL 35406 United States",205-349-0049
THORNBURY OBSTETRICS GYNECOLOGY WOMENÃƒÆ’Ã†â€™Ãƒâ€ Ã¢â‚¬â„¢ÃƒÆ’Ã¢â‚¬Å¡Ãƒâ€šÃ‚Â¢ÃƒÆ’Ã†â€™Ãƒâ€šÃ‚Â¢ÃƒÆ’Ã‚Â¢ÃƒÂ¢Ã¢â‚¬Å¡Ã‚Â¬Ãƒâ€¦Ã‚Â¡ÃƒÆ’Ã¢â‚¬Å¡Ãƒâ€šÃ‚Â¬ÃƒÆ’Ã†â€™Ãƒâ€šÃ‚Â¢ÃƒÆ’Ã‚Â¢ÃƒÂ¢Ã¢â‚¬Å¡Ã‚Â¬Ãƒâ€¦Ã‚Â¾ÃƒÆ’Ã¢â‚¬Å¡Ãƒâ€šÃ‚Â¢S HEALTH CARE,Dr. Melvin D Thornbury,http://www.thornburyal.com/,"415 Martling Rd
Albertville, AL 35951 United States",256-660-5560
ROME WOMENÃƒÆ’Ã†â€™Ãƒâ€ Ã¢â‚¬â„¢ÃƒÆ’Ã¢â‚¬Å¡Ãƒâ€šÃ‚Â¢ÃƒÆ’Ã†â€™Ãƒâ€šÃ‚Â¢ÃƒÆ’Ã‚Â¢ÃƒÂ¢Ã¢â‚¬Å¡Ã‚Â¬Ãƒâ€¦Ã‚Â¡ÃƒÆ’Ã¢â‚¬Å¡Ãƒâ€šÃ‚Â¬ÃƒÆ’Ã†â€™Ãƒâ€šÃ‚Â¢ÃƒÆ’Ã‚Â¢ÃƒÂ¢Ã¢â‚¬Å¡Ã‚Â¬Ãƒâ€¦Ã‚Â¾ÃƒÆ’Ã¢â‚¬Å¡Ãƒâ€šÃ‚Â¢S HEALTH CENTER,Dr. Leigh Barrell,http://www.romewomenshealthcenter.com/,"1608 Martha Berry Blvd
Rome, GA 30165 United States",706-234-7915
ALABAMA WOMENÃƒÆ’Ã†â€™Ãƒâ€ Ã¢â‚¬â„¢ÃƒÆ’Ã¢â‚¬Å¡Ãƒâ€šÃ‚Â¢ÃƒÆ’Ã†â€™Ãƒâ€šÃ‚Â¢ÃƒÆ’Ã‚Â¢ÃƒÂ¢Ã¢â‚¬Å¡Ã‚Â¬Ãƒâ€¦Ã‚Â¡ÃƒÆ’Ã¢â‚¬Å¡Ãƒâ€šÃ‚Â¬ÃƒÆ’Ã†â€™Ãƒâ€šÃ‚Â¢ÃƒÆ’Ã‚Â¢ÃƒÂ¢Ã¢â‚¬Å¡Ã‚Â¬Ãƒâ€¦Ã‚Â¾ÃƒÆ’Ã¢â‚¬Å¡Ãƒâ€šÃ‚Â¢S SPECIALISTS,"Ashley Tamucci, MD",http://www.alwomens.com/,"2006 brookwood medical center drive,
Suite 310 Homewood, AL 35209 United States",205.877.2121
ASSOCIATES IN WOMENÃƒÆ’Ã†â€™Ãƒâ€ Ã¢â‚¬â„¢ÃƒÆ’Ã¢â‚¬Å¡Ãƒâ€šÃ‚Â¢ÃƒÆ’Ã†â€™Ãƒâ€šÃ‚Â¢ÃƒÆ’Ã‚Â¢ÃƒÂ¢Ã¢â‚¬Å¡Ã‚Â¬Ãƒâ€¦Ã‚Â¡ÃƒÆ’Ã¢â‚¬Å¡Ãƒâ€šÃ‚Â¬ÃƒÆ’Ã†â€™Ãƒâ€šÃ‚Â¢ÃƒÆ’Ã‚Â¢ÃƒÂ¢Ã¢â‚¬Å¡Ã‚Â¬Ãƒâ€¦Ã‚Â¾ÃƒÆ’Ã¢â‚¬Å¡Ãƒâ€šÃ‚Â¢S HEALTH,Dr. Matthew Roberts,http://awhealth.com/awhealth/,"6845 Mountain View Road
Ooltewah, TN 37363 United States",423-910-0896
TENNESSEE WOMENÃƒÆ’Ã†â€™Ãƒâ€ Ã¢â‚¬â„¢ÃƒÆ’Ã¢â‚¬Å¡Ãƒâ€šÃ‚Â¢ÃƒÆ’Ã†â€™Ãƒâ€šÃ‚Â¢ÃƒÆ’Ã‚Â¢ÃƒÂ¢Ã¢â‚¬Å¡Ã‚Â¬Ãƒâ€¦Ã‚Â¡ÃƒÆ’Ã¢â‚¬Å¡Ãƒâ€šÃ‚Â¬ÃƒÆ’Ã†â€™Ãƒâ€šÃ‚Â¢ÃƒÆ’Ã‚Â¢ÃƒÂ¢Ã¢â‚¬Å¡Ã‚Â¬Ãƒâ€¦Ã‚Â¾ÃƒÆ’Ã¢â‚¬Å¡Ãƒâ€šÃ‚Â¢S HEALTH CARE,Dr. Alberto Cadena,http://www.dracadena.com/,"5002 crossings circle,
Suite 310 Mount Juliet, TN 37122 United States",(615) 866-3781
THORNBURY OBSTETRICS GYNECOLOGY WOMENÃƒÆ’Ã†â€™Ãƒâ€šÃ‚Â¢ÃƒÆ’Ã‚Â¢ÃƒÂ¢Ã¢â€šÂ¬Ã…Â¡Ãƒâ€šÃ‚Â¬ÃƒÆ’Ã‚Â¢ÃƒÂ¢Ã¢â€šÂ¬Ã…Â¾Ãƒâ€šÃ‚Â¢S HEALTH CARE,Dr. Melvin D Thornbury,http://www.thornburyal.com/,"415 Martling Rd
Albertville, AL 35951 United States",256-660-5560
ROME WOMENÃƒÆ’Ã†â€™Ãƒâ€šÃ‚Â¢ÃƒÆ’Ã‚Â¢ÃƒÂ¢Ã¢â€šÂ¬Ã…Â¡Ãƒâ€šÃ‚Â¬ÃƒÆ’Ã‚Â¢ÃƒÂ¢Ã¢â€šÂ¬Ã…Â¾Ãƒâ€šÃ‚Â¢S HEALTH CENTER,Dr. Leigh Barrell,http://www.romewomenshealthcenter.com/,"1608 Martha Berry Blvd
Rome, GA 30165 United States",706-234-7915
ALABAMA WOMENÃƒÆ’Ã†â€™Ãƒâ€šÃ‚Â¢ÃƒÆ’Ã‚Â¢ÃƒÂ¢Ã¢â€šÂ¬Ã…Â¡Ãƒâ€šÃ‚Â¬ÃƒÆ’Ã‚Â¢ÃƒÂ¢Ã¢â€šÂ¬Ã…Â¾Ãƒâ€šÃ‚Â¢S SPECIALISTS,"Ashley Tamucci, MD",http://www.alwomens.com/,"2006 brookwood medical center drive,
Suite 310 Homewood, AL 35209 United States",205.877.2121
ASSOCIATES IN WOMENÃƒÆ’Ã†â€™Ãƒâ€šÃ‚Â¢ÃƒÆ’Ã‚Â¢ÃƒÂ¢Ã¢â€šÂ¬Ã…Â¡Ãƒâ€šÃ‚Â¬ÃƒÆ’Ã‚Â¢ÃƒÂ¢Ã¢â€šÂ¬Ã…Â¾Ãƒâ€šÃ‚Â¢S HEALTH,Dr. Matthew Roberts,http://awhealth.com/awhealth/,"6845 Mountain View Road
Ooltewah, TN 37363 United States",423-910-0896
TENNESSEE WOMENÃƒÆ’Ã†â€™Ãƒâ€šÃ‚Â¢ÃƒÆ’Ã‚Â¢ÃƒÂ¢Ã¢â€šÂ¬Ã…Â¡Ãƒâ€šÃ‚Â¬ÃƒÆ’Ã‚Â¢ÃƒÂ¢Ã¢â€šÂ¬Ã…Â¾Ãƒâ€šÃ‚Â¢S HEALTH CARE,Dr. Alberto Cadena,http://www.dracadena.com/,"5002 crossings circle,
Suite 310 Mount Juliet, TN 37122 United States",(615) 866-3781
THORNBURY OBSTETRICS GYNECOLOGY WOMENÃƒÆ’Ã‚Â¢ÃƒÂ¢Ã¢â‚¬Å¡Ã‚Â¬ÃƒÂ¢Ã¢â‚¬Å¾Ã‚Â¢S HEALTH CARE,Dr. Melvin D Thornbury,http://www.thornburyal.com/,"415 Martling Rd
Albertville, AL 35951 United States",256-660-5560
ALABAMA WOMENÃƒÆ’Ã‚Â¢ÃƒÂ¢Ã¢â‚¬Å¡Ã‚Â¬ÃƒÂ¢Ã¢â‚¬Å¾Ã‚Â¢S SPECIALISTS,"Ashley Tamucci, MD",http://www.alwomens.com/,"2006 brookwood medical center drive,
Suite 310 Homewood, AL 35209 United States",205.877.2121
ROME WOMENÃƒÆ’Ã‚Â¢ÃƒÂ¢Ã¢â‚¬Å¡Ã‚Â¬ÃƒÂ¢Ã¢â‚¬Å¾Ã‚Â¢S HEALTH CENTER,Dr. Leigh Barrell,http://www.romewomenshealthcenter.com/,"1608 Martha Berry Blvd
Rome, GA 30165 United States",706-234-7915
ASSOCIATES IN WOMENÃƒÆ’Ã‚Â¢ÃƒÂ¢Ã¢â‚¬Å¡Ã‚Â¬ÃƒÂ¢Ã¢â‚¬Å¾Ã‚Â¢S HEALTH,Dr. Matthew Roberts,http://awhealth.com/awhealth/,"6845 Mountain View Road
Ooltewah, TN 37363 United States",423-910-0896
TENNESSEE WOMENÃƒÆ’Ã‚Â¢ÃƒÂ¢Ã¢â‚¬Å¡Ã‚Â¬ÃƒÂ¢Ã¢â‚¬Å¾Ã‚Â¢S HEALTH CARE,Dr. Alberto Cadena,http://www.dracadena.com/,"5002 crossings circle,
Suite 310 Mount Juliet, TN 37122 United States",(615) 866-3781
DERMATOLOGY CARE OF ALABAMA,Dr. Robert Bentley,http://www.dermcarealabama.com/,"900 Veterans Memorial Pkwy
Tuscaloosa, AL 35404 United States",(205) 759-1519
RESULTS,No results found,,,
ADVANTAGE BEAUTY AND HEALTH,,http://www.advantagebeautyandhealth.com,"7506 E Monterey Way
Scottsdale, AZ 85251 USA",480-352-7216
ARCADIA WELL WOMEN,Dale Ann Dorsey,http://www.arcadiawellwoman.com/,"7514 E Monterey Way,
Suite 3 Scottsdale, AZ 85251 United States",480-421-9938
SHAPIRO AESTHETIC PLASTIC SURGERY,Dr. Daniel Shapiro,http://shapiroplasticsurgery.com/,"5410 N. Scottsdale Rd.,
Suite F-100 Paradise Valley, AZ 85253 United States",480-451-1700
PARK AVENUE OBGYN,Dr. Dave Chisholm,http://www.parkaveob.com/,"5757 W Thunderbird Rd,
#E157 Glendale, AZ 85306 United States",602-393-2450
BRUGGEMAN PLASTIC SURGERY & AESTHETICS,Dr. Brian Bruggeman,http://bruggemanplasticsurgery.com/,"14155 N. 83RD AVE,
Suite 147 Peoria, AZ 85381 United States",623-230-2200
ESSENTIAL HEALTH & WELLNESS,Dr. Susan Del Sordi,http://www.drdelsordido.com/,"7425 E. Shea Blvd
Scottsdale, AZ 85260 United States",480-285-2180
MCDOWELL MOUNTAIN GYNECOLOGY,Dr. Rachel Spieldoch,http://mmgyn.com/,"10617 North Hayden Rd,
Suite B102 Scottsdale, AZ 85260 United States",480-483-9011
ARIZONA CENTER FOR UROLOGY,Dr. Roscoe Nelson,http://www.peedoc.com/,"6320 W union Hills Drive,
Unit B-2600 Glendale, AZ 85308 United States",602-942-5600
CENTER FOR SEXUAL & URINARY FUNCTION,Dr. Peter Niemczyk,http://www.csuf-phoenix.com/#!contact/vstc12=gld,"20325 N 51st Ave
Glendale, AZ 85308 United States",623-780-2300
ADVANCED IMAGE MED SPA & ELITE WELLNESS CENTER,"Jennessa Iannitelli, DO",http://advancedimagemedspa.com,"7942 West Bell Road,
Suite C-2 Glendale, AZ 85308 United States",(480) 845-4121
"COMPREHENSIVE WOMENÃƒÆ’Ã‚Â¢ÃƒÂ¢Ã¢â‚¬Å¡Ã‚Â¬ÃƒÂ¢Ã¢â‚¬Å¾Ã‚Â¢S HEALTHCARE ÃƒÆ’Ã‚Â¢ÃƒÂ¢Ã¢â‚¬Å¡Ã‚Â¬ÃƒÂ¢Ã¢â€šÂ¬Ã…â€œ CYNDY CHURGIN, FNPO-C",,http://www.comprehensivewomenshealthcare.net/,"201 W Guadalupe Rd,
Suite 310 Gilbert, AZ 85233 United States",480-813-0944
TRANQUIL WATERS MED SPA,Dr. Nicolle Kent,http://www.tranquilwatersmedspa.com/,"6510 S. Higley Rd,
Suite 102 Gilbert, AZ 85298 United States",480-638-9165
ARIZONA PROHEALTH,Dr. Melinda Whitsell,http://azprohealth.com,"1400 N. Gilbert Rd. ,
Suite I Gilbert, AZ 85234 United States",480-831-7970
REFLEXION MEDICAL REJUVENATION CENTER PLLC,Dr. Clifford Ball,http://www.myreflexionmedical.com/,"14815 W Bell Rd,
Suite 104 Surprise, AZ 85374 United States",866-735-9466
WINGFOOT WELLNESS,"Michelle Amado, MSN, FNP-C, Michelle Resendez, MSN, FNP-C",http://www.wingfootwellnessandhormones.net/,"2500 South Power Road,
Bldg 7, Suite 218 Mesa, AZ 85209 United States",480-590-6691
BELLEZZA WOMENÃƒÆ’Ã‚Â¢ÃƒÂ¢Ã¢â‚¬Å¡Ã‚Â¬ÃƒÂ¢Ã¢â‚¬Å¾Ã‚Â¢S HEALTH,,http://bellezzawomens.com/index/,"3105 Clearwater Dr
Prescott, AZ 86305 United States",928-237-4422
EDWARD EADES PLASTIC SURGERY,Dr. Edward Eades,http://www.edwardeadesmd.com/,"2940 N Swan Rd,
Suite 130 Tucson, AZ 85712 United States",520-323-6994
UROLOGY CARE PC,Dr. Iris Bernstein,http://www.urologycareaz.com/,"6226 E. Pima Street,
# 100 Tucson, AZ 85712 United States",520-298-7200
GRAND CANYON CLINICS,Dr. Brandon M. Chastant,http://www.grandcanyonclinics.com/,"930 North Switzer Canyon Dr,
Suite 104 Flagstaff, AZ 86001 United States",928-499-3100
THE VEIN CLINIC ÃƒÆ’Ã‚Â¢ÃƒÂ¢Ã¢â‚¬Å¡Ã‚Â¬ÃƒÂ¢Ã¢â€šÂ¬Ã…â€œ IMPERIAL VALLEY,Dr. Susan Hahm & Dr. Seung Gwon,http://fabulouslegs.com/,"1671 W. Main St,
Suite A El Centro, CA 92243 United States",760-352-3366
ENGBRETSON CENTER FOR WOMEN,Dr. Shannon Riedley Malone & Dr. Laura Engbretson,http://ecenterforwomen.com/,"756 Ridge Lake Blvd,
Suite 228 Memphis, TN 38120 United States",901-522-6910
ROLLER WEIGHT LOSS & ADVANCED SURGERY,Dr. Joshua Roller,http://rollerweightloss.com/dr-josh-roller/,"1695 E Rainforest Road
Fayetteville, AR 72703 United States",877-445-6460
NEW BEGINNINGS WELLNESS CENTER & SPA,Lucy Douglas,http://www.newbeginningsruston.com,"2000 N. Trenton,
Suite 1 Ruston, Louisiana 71270 United States",318-255-1110
INSPIRE MED SPA ÃƒÆ’Ã‚Â¢ÃƒÂ¢Ã¢â‚¬Å¡Ã‚Â¬ÃƒÂ¢Ã¢â€šÂ¬Ã…â€œ BENTONVILLE,Dr. Sarah Knife Chief,http://inspire-medspa.com/,"2104 SE 14th
Bentonville, AR 72712 United States",479-250-3788
FAMILY HEALTH CLINIC OF GRENADA,,http://familyhealthclinicofgrenada.com/,"1117 Sunset Dr,
Suite 104 Grenada, MS 38901 United States",662-226-0110
NORTH MS FAMILY MEDICINE,"Dr Shaun Helmhout, Dr Kathryn Pastrell, Dr Jackey Turner, Leigh Spenser FNP",,"1397 Belk BLVD
Oxford , MS 38655 United States",662-312-8169
DR. CATHERINE VANDERLOOS,Dr. Catherine Vanderloos,http://www.cfvanderloos.com/home.html,"460 Ashley Ridge Blvd,
Suite 200 Shreveport, LA 71106 United States",318-269-7799
ADVANCED UROLOGY AND WELLNESS,Dr. Daniels,,"4200 W Okmulgee Aven
Muskogee, OK 74401 United States",918-683-5025
NORTHEAST TEXAS WOMENS HEALTH PA,Dr. Christopher Mason,http://northeasttexaswomenshealth.com/,"2015 Mulberry Ave ,
Suite 250 Mount Pleasant , TX 75455 United States",903-572-4664
MANINGAS COSMETIC SURGERY,Dr. Talon Maningas,http://www.mcosmeticsurgery.com,"620 West 32nd St,
Suite B Joplin, MO 64804 United States",417-437-0303
ENHANCED WELLNESS LIVING,"Kelly Engelmann, FNP-BC",http://enhancedwellness.com,"115 W Jackson Street,
Suite 1E Ridgeland, MS 39157 United States",601-202-5978
"VIP WEIGHT LOSS, ANTI-AGING & QUICK CARE CLINIC",,http://vipweightlosscenters.com/,"1047 Union University Dr
Jackson, TN 38305 United States",731-256-0035
ACCENT PLASTIC SURGERY,"Mark Craig, MD",http://www.drmarkcraig.com/,"2147 Southridge Drive
Tupelo, MS 38801 USA",662-377-6290
EAST LAKELAND OBGYN,Dr. Donna Breeland,http://eastlakelandobgyn.com/,"1020 River Oaks Dr,
Suite 320 Jackson, MS 39232 United States",601-936-1400
A NEW IMAGE,Dr. Dwight Korgan,http://anewimageok.com/,"1410 N Florence Ave
Claremore, OK 74017 United States",918-341-2000
STARKVILLE CLINIC FOR WOMEN,,http://www.starkvilleclinicforwomen.com/,"100 Medical Park Dr.
Starkville, MS 39759 United States",(662) 323-4427
UROLOGIC SPECIALISTS OF OKLAHOMA,,http://www.urologicspecialists.com/,"10901 E 48th St
South Tulsa, OK 74146 United States",918-749-8765
REVITALIZE MEDICAL- OKLAHOMA,,http://revitalizemedicalspa.com/,"6914 South Yorktown,
Suite 220 Tulsa, OK 74136 United States",225-802-2186
DAWN AESTHETICS & WELLNESS,,http://www.dawnaesthetics.com/,"1243 S Harvard
Tulsa, OK 74112 United States",918-728-8383
INSPIRE MED SPA- TULSA,Dr. Charles Knife Chief,http://inspire-medspa.com/,"2651 E 21 St,
Suite 300 Tulsa, OK 74114 United States",918-340-6495
"CAPITIS MEDICAL & AESTHETICS, INC",Dr. Joshua Crose,http://capitismedicalaesthetics.com/,"1917 Douglas Blvd,
Suite 89 Roseville, CA 95648 United States",916-886-5025
SOLANO PLASTIC SURGERY ÃƒÆ’Ã‚Â¢ÃƒÂ¢Ã¢â‚¬Å¡Ã‚Â¬ÃƒÂ¢Ã¢â€šÂ¬Ã…â€œ VACAVILLE,Dr. Brian Klink,http://www.solanoplasticsurgery.com/,"1001 Nut Tree Rd,
Suite # 130 Vacaville, CA 95687 United States",707-448-3436
SOLANO PLASTIC SURGERY ÃƒÆ’Ã‚Â¢ÃƒÂ¢Ã¢â‚¬Å¡Ã‚Â¬ÃƒÂ¢Ã¢â€šÂ¬Ã…â€œ NAPA,Dr. Brian Klink,http://www.solanoplasticsurgery.com/,"1455 First St,
Suite 205 Napa, CA 94559 United States",707-257-3436
NCMA WOMENÃƒÆ’Ã‚Â¢ÃƒÂ¢Ã¢â‚¬Å¡Ã‚Â¬ÃƒÂ¢Ã¢â‚¬Å¾Ã‚Â¢S OB/GYN CENTER,Dr. Shazah Khawaja,http://womensobgynmed.com/,"500 Doyle Park Dr,
Suite 103 Santa Rosa, CA 95405 United States",707-579-1102
WAVE PLASTIC SURGERY ÃƒÆ’Ã‚Â¢ÃƒÂ¢Ã¢â‚¬Å¡Ã‚Â¬ÃƒÂ¢Ã¢â€šÂ¬Ã…â€œ SAN FRANCISCO,Dr. Peter Lee,http://www.waveplasticsurgery.com/,"450 Sutter St,
Suite 1918 San Francisco, CA 94108 United States",415-795-8003
AVANCE PLASTIC SURGERY INSTITUTE,Dr. Erez Dayan,http://www.avanceplasticsurgery.com/,"5570 Longley Lane,
Suite A Reno, NV 89511 United States",775-800-4444
MY WOMENÃƒÆ’Ã‚Â¢ÃƒÂ¢Ã¢â‚¬Å¡Ã‚Â¬ÃƒÂ¢Ã¢â‚¬Å¾Ã‚Â¢S CENTER,Dr. Beth Hutson,http://www.renogynecology.com/?utm_source=gmb_auth,"1441 Pullman Dr
Sparks, NV 89434 United States",775-432-1343
"MARY KAY BREWSTER, MD","Mary Kay Brewster, MD",,"835 Cass St.
Monterey, CA 93940 United States",831-649-0111
THE VEIN CLINIC ÃƒÆ’Ã‚Â¢ÃƒÂ¢Ã¢â‚¬Å¡Ã‚Â¬ÃƒÂ¢Ã¢â€šÂ¬Ã…â€œ SANTA BARBARA,Dr. Susan Hahm & Dr. Seung Gwon,http://fabulouslegs.com/,"216 W Pueblo St
Santa Barbara, CA 93105 United States",805-845-2500
AESTHETICS MONTECITO,,http://www.aestheticsmontecito.com/,"1805 East Cabrillo Blvd,
Suite C Santa Barbara, CA 93108 United States",805-565-8480
GRAND AESTHETICS,Dr. Thomas Cachur,,"1513 South Grand Ave,
Suite 320 Los Angeles, CA 90015 United States",213-747-7307
HOSSEIN BABAALI,Dr. Hossein Babaali,http://www.drbabaali.com/,"3130 West Olympic Blvd,
Suite 402 Los Angeles, CA 90006 United States",323-733-1004
WAVE PLASTIC SURGERY ÃƒÆ’Ã‚Â¢ÃƒÂ¢Ã¢â‚¬Å¡Ã‚Â¬ÃƒÂ¢Ã¢â€šÂ¬Ã…â€œ LOS ANGELES,Dr. Peter Lee,http://www.waveplasticsurgery.com/,"3680 Wilshire Blvd,
Suite 202 Los Angeles, CA 90010 United States",213-383-4800
BORIS COSMETIC PLASTIC SURGERY CENTER,Dr. George Boris,http://boriscosmetic.com/,"9700 Venice Blvd
Culver City, CA 90232 United States",310-204-5822
BERMAN SEXUAL HEALTH,Dr. Jennifer Berman,http://www.bermansexualhealth.com/,"1125 S. Beverly Dr.,
Suite 401 Los Angeles, CA 90035 United States",310-772-0072
LA MEDICAL COSMETIC CENTERS ÃƒÆ’Ã‚Â¢ÃƒÂ¢Ã¢â‚¬Å¡Ã‚Â¬ÃƒÂ¢Ã¢â€šÂ¬Ã…â€œ BEVERLY HILLS,Dr. Robert Hashemiyoon,http://lamedicalcosmetic.com/contact-us.html,"8500 Wilshire Blvd,
Suite 630 Beverly Hills, CA 90211 United States",310-271-5875
SINCLAIR PLASTIC SURGERY ÃƒÆ’Ã‚Â¢ÃƒÂ¢Ã¢â‚¬Å¡Ã‚Â¬ÃƒÂ¢Ã¢â€šÂ¬Ã…â€œ BEVERLY HILLS,Dr. Alexander Sinclair,http://www.sinclairplasticsurgery.com/,"9001 Wilshire Blvd,
Suite 2020 Beverly Hills, CA 90211 United States",310-274-4103
"MARY KERR, MD., INC",Dr. Mary Kerr,http://www.drmarykerr.com/,"150 N Robertson Blvd,
Suite 270N Beverly Hills, CA 90211 United States",310-275-3440
"HUGHES PLASTIC SURGERY ÃƒÆ’Ã‚Â¢ÃƒÂ¢Ã¢â‚¬Å¡Ã‚Â¬ÃƒÂ¢Ã¢â€šÂ¬Ã…â€œ DR. KENNETH HUGHES, MD",Dr. Kenneth Hughes,http://www.hughesplasticsurgery.com,"12732 W. Washington Blvd,
Suite B Los Angeles, CA 90066 United States",310-275-4170
ANDRE ABOOLIAN M.D. FACS,Dr. Aboolian,http://www.andreaboolian.com/,"120 S Spalding Dr,
Suite 233 Beverly Hills, CA 90212 United States",310-888-8862
"GARY TEARSTON, MD",Dr. Gary Tearston,http://garytearstonmd.com/,"9201 Sunset Blvd,
#401 Los Angeles, CA 90069 United States",310-659-5502
LE JOLIE MEDI SPA ÃƒÆ’Ã‚Â¢ÃƒÂ¢Ã¢â‚¬Å¡Ã‚Â¬ÃƒÂ¢Ã¢â€šÂ¬Ã…â€œ WEST HOLLYWOOD,"Parvaneh Rafaeloff, MD",http://lejoliespa.com/,"652 N Doheny Dr
West Hollywood, CA 90069 USA",424-355-0070
"JASON EMER, MD",Dr. Jason Emer,http://jasonemermd.com/,"9201 Sunset Blvd,
Suite 708 West Hollywood, CA 90069 United States",424-320-0813
EPIONE,Dr. Simon Ourian,http://www.epione.com/,"444 N Camden Dr
Beverly Hills, CA 90210 United States",310-651-6267
"RAHI SARBAZIHA, MD",Dr. Rahi Sarbaziha,http://www.doctorrahi.com/,"9615 Brighton Way,
Suite 303 Beverly Hills, CA 90210 United States",310-819-0769
"GLENN VALLECILLOS M.D., F.A.C.S",Dr. Glenn Vallecillos,http://drvallecillos.com/,"9675 Brighton Way,
Suite 380 Beverly Hills, CA 90210 United States",310-273-3007
THE NIKOLOV CENTER,Dr. Nicholas Nikolov,http://www.drnikolov.com/,"436 N. Bedford Dr,
Suite 207 Beverly Hills, CA 90210 United States",310-247-1932
"HEATHER J. ROBERTS, MD, AMC",Dr. Heather J. Roberts,http://www.drheatherroberts.com,"11500 W Olympic Blvd,
Suite 408 Los Angeles, CA 90025 United States",310-477-4727
GROSSMAN DERMATOLOGY,Dr. Karyn Grossman,http://www.grossmandermatology.com,"2001 Santa Monica Blvd,
Suite 1250W Santa Monica, CA 90404 United States",310-998-0040
TAYLOR PLASTIC SURGERY,Dr. Thomas Taylor,http://www.doctortaylor.com/,"960 E Green St,
Suite 214 Pasadena, CA 91106 United States",626-577-7730
TAYLOR PLASTIC SURGERY CENTER,"Thomas S. Taylor, MD",http://www.doctortaylor.com/,"960 E Green St ,
Ste 214 Pasadena, CA 91106 United States",626-577-7730
GOOD SKIN LA,,http://www.goodskinclinics.com/ourstaff,"11980 San Vicente Blvd,
Suite 621 Los Angeles, CA 90049 United States",310-400-6534
LE JOLIE MEDI SPA- STUDIO CITY,Dr. Parvaneh Rafaeloff,http://www.lejoliespa.com,"13041 Ventura Blvd.
Los Angeles, Studio City, CA 91604 USA",818-501-1114
"ALLAN W. PERRY JR, MD","Allan W. Perry Jr., M.D.",http://www.allanperryjrmd.com/,"1808 Verdugo Blvd,
# 118 Glendale, CA 91208 United States",818-790-0385
THE ADVANCED LASER & ANTI-AGING MEDICAL CENTER,Dr. Robert B. Seltzer,http://www.laserbeauty.com,"960 East Green St,
Suite 108 Pasadena, CA 91106 United States",626-449-3830
WAVE PLASTIC SURGERY ÃƒÆ’Ã‚Â¢ÃƒÂ¢Ã¢â‚¬Å¡Ã‚Â¬ÃƒÂ¢Ã¢â€šÂ¬Ã…â€œ ARCADIA,Dr. Peter Lee,http://www.waveplasticsurgery.com/,"400 N Santa Anita Ave
Arcadia, CA 91006 United States",626-898-9711
DR. LEI DING,Dr. Lei Ding,,"1661 Hanover Rd ,
# 101 City Of Industry, CA 91748 United States",626-581-4298
WAVE PLASTIC SURGERY ÃƒÆ’Ã‚Â¢ÃƒÂ¢Ã¢â‚¬Å¡Ã‚Â¬ÃƒÂ¢Ã¢â€šÂ¬Ã…â€œ ROWLAND HEIGHTS,Dr. Peter Lee,http://www.waveplasticsurgery.com/,"18435 & 18437 E. Colima Road
Rowland Heights, CA 91748 United States",626-964-7788
REJUVENATION CENTER CLINIC GROUP,Dr. Antero Velez,http://rejuvenationcenterclinic.com/,"4940 Van Nuys Blvd,
Suite 307 Sherman Oaks , CA 91403 United States",818-849-6411
LA MEDICAL COSMETIC CENTERS ÃƒÆ’Ã‚Â¢ÃƒÂ¢Ã¢â‚¬Å¡Ã‚Â¬ÃƒÂ¢Ã¢â€šÂ¬Ã…â€œ ENCINO,Dr. Robert Hashemiyoon,http://lamedicalcosmetic.com/index.html,"17525 Ventura Blvd,
Suite 203 Encino, CA 91316 United States",310-271-5875
REWIND AESTHETICS,"Tricia Stephenson, PA-C",http://rewindaesthetics.com/,"310 Holly St
Denver, CO 80220 United States",303-601-6533
WESTSIDE WOMENÃƒÆ’Ã‚Â¢ÃƒÂ¢Ã¢â‚¬Å¡Ã‚Â¬ÃƒÂ¢Ã¢â‚¬Å¾Ã‚Â¢S CARE,Dr. Lindsay Eun,http://www.womenshealthclinicarvada.com/,"7950 Kipling St,
# 201 Arvada, CO 80005 United States",303-424-6466
AGELESS EXPRESSIONS MEDSPA,"Becky Vanicelli, RN",,"2516 West Main Street
Littleton, CO 80120 USA",720-235-8932
RENU LASER & SKIN CARE,,http://www.renulaserandskincare.com/default.aspx,"1480 W Canal Ct
Littleton, CO 80120 United States",303-578-9557
SKIN PERFECTION AESTHETICS,"Donlyn Holland RN, CLO-A",http://www.skinperfectionmedspa.com/,"11154 Huron St,
Suite 103 Northglenn, CO 80234 United States",720-502-6168
REDBUD MEDICAL AESTHETICS,,http://redbudmedicalspa.com/,"410 9th St
Golden, CO 80401 United States",720-593-8844
THE CENTER FOR WOMENÃƒÆ’Ã‚Â¢ÃƒÂ¢Ã¢â‚¬Å¡Ã‚Â¬ÃƒÂ¢Ã¢â‚¬Å¾Ã‚Â¢S HEALTH (CENTER FOR WELLNESS MD),Asela Russell,http://centerforwellnessmd.com/,"8000 E Prentice Ave ,
Ste D10 Greenwood Village, CO 80111 United States",303-309-3660
LITTLETON GYNECOLOGY AND WELLNESS,Dr. Bruce Dorr,http://littletonobgyn.com/,"7750 S Broadway,
#200 Littleton, CO 80122 United States",303-730-6000
CENTER FOR WOMENÃƒÆ’Ã‚Â¢ÃƒÂ¢Ã¢â‚¬Å¡Ã‚Â¬ÃƒÂ¢Ã¢â‚¬Å¾Ã‚Â¢S HEALTH,Dr. Asela Russell,http://www.tc4w.com/,"125 Inverness Dr,
Suite 210 Englewood, CO 80112 United States",303-755-0120
WOMENÃƒÆ’Ã‚Â¢ÃƒÂ¢Ã¢â‚¬Å¡Ã‚Â¬ÃƒÂ¢Ã¢â‚¬Å¾Ã‚Â¢S HEALTH WISE,Dr. Kim Lane,http://womenshealthwise.com/,"630 15th Ave,
Suite 200 Longmont, CO 80501 United States",303-776-5820
FLYING HORSE MEDICAL CENTER,Dr. Aaron Fraser,http://www.fhmedcenter.com/,"1615 Silversmith Road
Colorado Springs, CO 80921 United States",719-633-5255
DR. DIANE DUNCAN,Dr. Diane Duncan,http://www.drdianeduncan.com,"1701 East Prospect Road
Fort Collins, CO 80525 United States",970-493-7445
FRONT RANGE FAMILY MEDICINE,Dr. Brad Reedy,http://www.frontrangefamilymedicine.com/,"3260 East Woodmen Road ,
Suite 210 Colorado Springs, CO 80920 United States",719-262-0852
ANAZAO | MD,Dr. Jeanne Fitzsimmons,http://www.anazaomd.com/,"1890 Loggers Lane,
Unit A Steamboat Springs, CO 80487 United States",970-875-3900
PLATTE VALLEY WOMENÃƒÆ’Ã‚Â¢ÃƒÂ¢Ã¢â‚¬Å¡Ã‚Â¬ÃƒÂ¢Ã¢â‚¬Å¾Ã‚Â¢S HEALTHCARE,,http://www.plattevalleywomenshealthcare.com/,"810 W. Reid
North Platte, NE 69101 United States",308-534-0090
THE CENTRE FOR COSMETIC SURGERY & MEDICINE ÃƒÆ’Ã‚Â¢ÃƒÂ¢Ã¢â‚¬Å¡Ã‚Â¬ÃƒÂ¢Ã¢â€šÂ¬Ã…â€œ NEWARK,Dr. Abdollah Malek,http://thecentreforcosmeticsurgery.com/,"1 Centurian Dr,
Suite 301 Newark, DE 19713 United States",302-994-8492
INTUITIVE WOMENÃƒÆ’Ã‚Â¢ÃƒÂ¢Ã¢â‚¬Å¡Ã‚Â¬ÃƒÂ¢Ã¢â‚¬Å¾Ã‚Â¢S HEALTH,Dr. Natalia Rezvina,http://intuitivewomenshealth.net/,"803 New Road
Somers Point, NJ 08244 United States",609-788-8158
CORNERSTONE PLASTIC SURGERY,Dr. Frederick Coville,http://www.cornerstoneplasticsurgery.com/,"401 New Road,
Suite 103 Linwood, NJ 08221 United States",609-910-4545
MASTERPIECE CENTRE OF AESTHETICS AND GYNECOLOGY,Dr. Khadija Dugan,http://masterpiececentre.com/,"116 Defense Hwy,
Suite 501 Annapolis, MD 21401 United States",443-569-0411
EVEREST URGENT CARE,Dr. Xiaobin Li,http://www.everestmedicalpa.com/,"6787 Market St,
Suite 101 Upper Darby , PA 19082 United States",610-352-8000
DR. LINDA STANLEY,"Linda Stanley, MD.",,"4401 Ventnor Avenue
Atlantic City, NJ 08401 United States",609-505-3031
LEGACY PLASTIC SURGERY,Dr. Paul S. Kim & Dr. Gary F. Wingate,http://www.legacyplasticsurgery.com/,"460 Creamery Way,
Suite 110 Exton, PA 19341 United States",610-486-3410
TOTAL WOMENÃƒÆ’Ã‚Â¢ÃƒÂ¢Ã¢â‚¬Å¡Ã‚Â¬ÃƒÂ¢Ã¢â‚¬Å¾Ã‚Â¢S HEALTH OF BALTIMORE,Dr. Dionne Oliver,http://www.oliverobgyn.com/,"6080 Falls Road,
Suite 204 Baltimore, MD 21209 United States",443-471-3288
WOMENÃƒÆ’Ã‚Â¢ÃƒÂ¢Ã¢â‚¬Å¡Ã‚Â¬ÃƒÂ¢Ã¢â‚¬Å¾Ã‚Â¢S HEALTH CARE SPECIALIST,Dr. Navita Modi,http://whcsmd.com/,"7525 Greenway Center Dr,
Suite 202 Greenbelt, MD 20770 United States",301-459-4317
BELLA MEDICAL AESTHETICS,Dr. Beena Nagpal,http://www.bellamedicalaesthetic.com/,"5005 Signal Bell Lane,
Suite 203 Clarksville, MD 21029 United States",410-671-0208
RELIANCE HEALTH SERVICE,Dr. Adefolaju Oketokun,http://www.reliancehealthservices.com/,"1818 New York Ave NE
Washington, DC 20002 United States",202-636-5136
NOVIQUE MEDICAL AESTHETICS,Dr. Gene Levinstein,http://www.novique.com/,"1715 S Easton Rd
Doylestown, PA 18901 United States",267-520-6165
"SECHOIR SALON, MEDSPA AND LASER SERVICES",Hebba Elmonairy,http://www.sechoirbeautybarva.com/,"2672 J Avenir Place
Vienna, VA 22180 United States",703-698-8162
GENERATIONS OBGYN LLC,Dr. Jacqueline Roman,http://generations-obgyn.business.site/,"590 W Kennedy Blvd
Lakewood , NJ 08701 United States",732-370-1111
WOMENÃƒÆ’Ã‚Â¢ÃƒÂ¢Ã¢â‚¬Å¡Ã‚Â¬ÃƒÂ¢Ã¢â‚¬Å¾Ã‚Â¢S HEALTH FIRST,Dr. Susan Forster & Dr. Judith Forster,http://wh1nj.com/philosophy.html,"114 Stanhope St
Princeton, NJ 08540 United States",609-683-7979
HEALTHYDERMIS ÃƒÆ’Ã‚Â¢ÃƒÂ¢Ã¢â‚¬Å¡Ã‚Â¬ÃƒÂ¢Ã¢â€šÂ¬Ã…â€œ OAKTON,,http://www.myhealthydermis.com,"2944 Hunter Mill Rd,
Ste 201 Oakton, VA 22124 United States",571-502-0202
"MICHAEL NAGY, MD",Dr. Michael Nagy,http://www.drnagy.com/,"2333 Highway 34
Wall Township, NJ 08736 United States",732-282-0002
UROLOGY CONSULTANTS OF MARYLAND,Dr. Cynthia J. Moorman,http://www.urologyconsultantsmd.com/,"77 Thomas Johnson Dr,
Suite K Frederick, MD 21702 United States",301-662-4868
ADVANCED INTEGRATIVE MEDICINE,Dr. Shawn Pallotti,http://www.aimedva.com/,"9305 Kings Highway
King George, VA 22485 United States",540-775-2250
TRI-COUNTY OBGYN ASSOCIATES,,,"24 Stelton Rd,
Suite C Piscataway, NJ 08854 United States",732-968-4444
HEALTHYDERMIS ÃƒÆ’Ã‚Â¢ÃƒÂ¢Ã¢â‚¬Å¡Ã‚Â¬ÃƒÂ¢Ã¢â€šÂ¬Ã…â€œ GAINESVILLE,,http://myhealthydermis.com/,"7230 Heritage Village Plaza,
Suite 201 Gainesville, VA 20155 United States",877-822-9281
AGELESS AESTHETICS,Dr. Kristi Tappan,http://agelessmedmd.com,"3447 Fall Hill Ave.
Fredericksburg, VA 22401 United States",540-645-2472
AGELESS AESTHETICS MED SPA,Dr. Jayson Tappan,http://www.agelessmedmd.com/,"3447 Fall Hill Ave
Fredericksburg, VA 22401 United States",540-645-2472
RENEW HEALTH AND WELLNESS,Lawrence Miller MD,http://www.renewmetoday.com/,"10120 West Broad St ,
Suite F Glen Allen , VA 23060 USA",804-447-2332
AMERICAN SELF PLASTIC SURGERY & ORTHOPAEDICS,Dr. Ruth Leanna Hillelson,http://www.americanself.com/,"9930 Independence Park Dr,
Suite 101 Richmond, VA 23233 United States",804-290-0060
CASTRO INTEGRATIVE MEDICINE OF CHARLOTTESVILLE,"Eduardo Castro, M.D.",http://castrointegrativemedicine.com/,"620 Woodbrook Drive, Suite 3
Charlottesville , VA 22901 United States",434-956-4100
OLYMPIA FAMILY MEDICINE,Dr. Natalie Mucius Penha,http://olympiafamilymed.com/,"5949 Harbour Park Dr
Midlothian, VA 23112 United States",804-639-8145
OBSTETRICS & GYNECOLOGY ASSOCIATES OF HAMPTON,Dr. Obaid & Dr. Naved Jafri,http://www.obgynofhampton.com/index,"4000 Coliseum Dr,
Suite 280 Hampton, VA 23666 United States",757-722-7401
PENSACOLA PHYSICAL MEDICINE,Dr. Peter Smith,http://www.pensacolachiro.com/,"9007 University Parkway
Pensacola, FL 32514 United States",850-476-5420
REJUVAMED,Dr. Trish Green,http://rejuvamedlife.com/,"913 Gulf Breeze Parkway,
28A Gulf Breeze, FL 32561 United States",850-810-0101
SOUTHERN WOMENÃƒÂ¢Ã¢â€šÂ¬Ã¢â€žÂ¢S SPECIALISTS OF PEARSON AND GUEPET,"Dr. Angela McCool-Pearson, & Dr. Christy Guepet",http://www.southernwomensspecialists.com/,"7540 Cipriano Court,
Suite C Fairhope, AL 36532 United States",251-990-1985
BELFIORE WELLNESS CENTER,"Kristina Smith, APRN",http://www.crestviewgynecology.com/,"502 East Hickory Avenue
Crestview, FL 32536 United States",850-683-1100
THE ANTI-AGING CLINIC OF NORTHWEST FLORIDA,Dr. Tim Ramsden,http://antiagingclinicnwfl.com/,"13569 Panama City Beach Parkway
Panama City , FL 32407 United States",850-238-8563
DR. MYRA ÃƒÂ¢Ã¢â€šÂ¬Ã¢â‚¬Å“ PERSONALIZED MEDICINE,Dr. Myra Reed,http://drmyrareed.com/,"1814 Thomas Dr
Panama City , FL 32408 United States",850-249-5000
LADIES FIRST OBSTETRICS AND GYNECOLOGY ÃƒÂ¢Ã¢â€šÂ¬Ã¢â‚¬Å“ ENTERPRISE,Dr. Asha Voss,http://ladiesfirstwiregrass.com,"847 Boll Weevil Circle ,
Suite 110 Enterprise, AL 36330 United States",(877) 671-9445
"LADIES FIRST OBSTETRICS AND GYNECOLOGY OF DOTHAN, INC. & MED SPA",Dr. Asha Voss,http://ladiesfirstwiregrass.com/,"104 Medical Dr
Dothan, AL 36303 United States",334-671-9445
MERIDIAN OB-GYN,Dr. Elizabeth Trest,http://www.meridian-ob-gyn.com/,"1020 22nd Ave,
Suite B Meridian , MS 39301 United States",601-703-1003
RAO MEDICAL SPA & ANTI-AGING CLINIC,Dr. Purnachandra Yerneni,http://www.dryerneni.com/,"1140 W Causeway Approach
Mandeville, LA 70471 United States",985-626-6019
ROSE DERMATOLOGY AND LASER CENTER,Dr. Diane Rose,http://rosedermatology.com,"2221 Clearview Pkwy,
Suite 101 Metairie, LA 70001 United States",504-885-8363
DIMITRI DERMATOLOGY & COSMETIC CENTER,Dr. Elizabeth Dimitri,http://www.dimitriderm.com/,"3715 Williams Blvd,
Suite 100 Kenner, LA 70065 United States",504-465-4550
OB/GYN SPECIALISTS OF COLUMBUS,Dr. Ruthann F. Rees,http://www.obgynsoc.com/,"1604 12th St.
Columbus , GA 31906 United States",706-324-0471
ALABAMA WOMENÃƒÂ¢Ã¢â€šÂ¬Ã¢â€žÂ¢S SPECIALISTS,"Ashley Tamucci, MD",http://www.alwomens.com/,"2006 brookwood medical center drive,
Suite 310 Homewood, AL 35209 United States",205.877.2121
SOUTHERN WOMENÃ¢â‚¬â„¢S SPECIALISTS OF PEARSON AND GUEPET,"Dr. Angela McCool-Pearson, & Dr. Christy Guepet",http://www.southernwomensspecialists.com/,"7540 Cipriano Court,
Suite C Fairhope, AL 36532 United States",251-990-1985
DR. MYRA Ã¢â‚¬â€œ PERSONALIZED MEDICINE,Dr. Myra Reed,http://drmyrareed.com/,"1814 Thomas Dr
Panama City , FL 32408 United States",850-249-5000
LADIES FIRST OBSTETRICS AND GYNECOLOGY Ã¢â‚¬â€œ ENTERPRISE,Dr. Asha Voss,http://ladiesfirstwiregrass.com,"847 Boll Weevil Circle ,
Suite 110 Enterprise, AL 36330 United States",(877) 671-9445
ALABAMA WOMENÃ¢â‚¬â„¢S SPECIALISTS,"Ashley Tamucci, MD",http://www.alwomens.com/,"2006 brookwood medical center drive,
Suite 310 Homewood, AL 35209 United States",205.877.2121
SOUTHERN WOMENâ€™S SPECIALISTS OF PEARSON AND GUEPET,"Dr. Angela McCool-Pearson, & Dr. Christy Guepet",http://www.southernwomensspecialists.com/,"7540 Cipriano Court,
Suite C Fairhope, AL 36532 United States",251-990-1985
DR. MYRA â€“ PERSONALIZED MEDICINE,Dr. Myra Reed,http://drmyrareed.com/,"1814 Thomas Dr
Panama City , FL 32408 United States",850-249-5000
LADIES FIRST OBSTETRICS AND GYNECOLOGY â€“ ENTERPRISE,Dr. Asha Voss,http://ladiesfirstwiregrass.com,"847 Boll Weevil Circle ,
Suite 110 Enterprise, AL 36330 United States",(877) 671-9445
ALABAMA WOMENâ€™S SPECIALISTS,"Ashley Tamucci, MD",http://www.alwomens.com/,"2006 brookwood medical center drive,
Suite 310 Homewood, AL 35209 United States",205.877.2121
SOUTHERN WOMEN’S SPECIALISTS OF PEARSON AND GUEPET,"Dr. Angela McCool-Pearson, & Dr. Christy Guepet",http://www.southernwomensspecialists.com/,"7540 Cipriano Court,
Suite C Fairhope, AL 36532 United States",251-990-1985
DR. MYRA – PERSONALIZED MEDICINE,Dr. Myra Reed,http://drmyrareed.com/,"1814 Thomas Dr
Panama City , FL 32408 United States",850-249-5000
LADIES FIRST OBSTETRICS AND GYNECOLOGY – ENTERPRISE,Dr. Asha Voss,http://ladiesfirstwiregrass.com,"847 Boll Weevil Circle ,
Suite 110 Enterprise, AL 36330 United States",(877) 671-9445
ALABAMA WOMEN’S SPECIALISTS,"Ashley Tamucci, MD",http://www.alwomens.com/,"2006 brookwood medical center drive,
Suite 310 Homewood, AL 35209 United States",205.877.2121
LASERTIQUE,Dr. Robert Santa-Cruz,http://www.lasertiquespa.com/,"806 Douglas Rd ,
Suite 101 Coral Gables, FL 33134 United States",305-257-8668
"GISELLE GHURANI, MD",Dr. Giselle Ghurani,http://mercymiami.com/physicians/profile/Dr-Giselle-Ghurani-MD,"3661 S Miami Ave ,
Suite 1003 Miami, FL 33133 United States",786-558-5095
COLLABORATIVE WOMEN’S CARE,Dr. Eduardo Valdes,http://collaborativewomenscare.com/,"3661 South Miami Avenue,
Suite #602 Miami, FL 33133 United States",(305) 200-3878
DR. CARLOS PEÑA,Dr. Carlos Pena,http://www.carlosgpenamd.com/,"6705 SW 57th Avenue ,
Ste 310 Coral Gables, FL 33143 United States",305-271-5533
LIEVANO PEREZ OB GYN MIAMI | OBSTETRICS & GYNECOLOGY,Dr. Guillermo Lievano & Dr. Ileana Perez,http://lievanoperezobgyn.com/,"8525 Southwest 92nd St,
Unit D13 Miami, FL 33156 United States",305-270-3562
"JUDITH CROWELL, MD AND ASSOCIATES",Dr. Judith Crowell,http://www.miamicosmeticderm.com/,"7800 S.W. 87th Ave,
Suite C-300 Miami, FL 33173 United States",305-274-0221
DR. STEVEN SILVERS,Dr. Steven M. Silvers,http://www.drstevensilvers.com/,"4302 Alton Rd,
Suite 460 Miami, FL 33140 United States",305-535-9600
NEW LIFE OBGYN,Dr. Hugo M Ferrara,,"2300 West 84th St,
Suite 500 Hialeah, FL 33016 United States",305-512-4858
MODERN OBGYN CARE,Dr. Marcela Torres,http://modernobgyncare.com/,"12600 Pembroke Rd ,
Suite 302 Miramar, Fl 33027 United States",754-217-4181
PREMIERE OBGYN,Dr. Joanne Richards & Dr. Emelio Blanco,http://www.premiereobgyn.com/,"1150 N 35th Ave,
Suite 405 Hollywood, FL 33021 United States",954-961-9993
ONSITE,,http://onsiteimaging.net/,"2731 Executive Park Dr
Weston , FL 33331 United States",888-265-8670
ACHIEVE EXCELLENCE,Dr. Jane Matos-Fraebel,,"220 SW 84th Ave ,
Suite 203 Plantation , FL 33324 United States",754-399-4200
SPRINGS UROLOGY,Dr. Dawn Scarzella & Dr. Omar Ortiz-Alvarado,http://springsurology.com/,"1725 N. University Dr,
Suite 400 Coral Springs, FL 33071 United States",954-752-3166
DR. CHEN OB/GYN,Dr. Yat-Min Chen,,"5350 W Hillsboro Blvd
Coconut Creek, FL 33073 United States",954-725-7660
CONCIERGE HEALTH & REJUVENATION SOLUTIONS (CONCIERGEHRS),"Lyris Verdura-Dominic, APRN, FNP-BC",http://www.ConciergeHRS.com,"7025 Beracasa Way,
Suite #205 Boca Raton, FL 33433 United States",561-292-0036
BRAZELIA MED SPA,Dr. Brazelia Lazzari,http://brazeliamedspa.com/,"101 Plaza Real South,
Suite G Boca Raton, FL 33432 United States",561-353-2265
THE BOX MED SPA,Dr. Gady Gabel,http://theboxmedspa.com/,"20449 State Road 7,
Suite A7 Boca Raton, FL 33498 United States",561-717-8903
BOCA OB/GYN,Dr. Michael S. Fleischer,http://www.mybocaobgyn.com/,"660 Glades Road,
Suite 320 Boca Raton, FL 33431 United States",561-488-9719
HANDAL PLASTIC SURGERY,Dr. Arthur Handal,http://www.handalplasticsurgery.com/,"5503 N Federal Hwy
Boca Raton, FL 33487 United States",561-912-9888
ALLENBY DERMATOLOGY,Dr. Janet Allenby,http://www.allenbydermatology.com/,"6290 Linton Blvd,
Suite 204 Delray Beach, FL 33484 United States",(561) 499-0299
