URL,Keyword
https://stackoverflow.com/questions/13214029/go-build-cannot-find-package-even-though-gopath-is-set,go cannot find package
https://stackoverflow.com/questions/36350948/removing-black-dots-from-li-and-ul,remove dot from li
https://stackoverflow.com/questions/19627795/why-hadoop-is-not-a-real-time-platform,hadoop real-time
https://stackoverflow.com/questions/18286432/vb-net-opening-and-closing-forms,vb close form
https://stackoverflow.com/questions/32232978/change-the-location-of-the-directory-in-a-windows-install-of-git-bash,git bash change home directory
https://stackoverflow.com/questions/3177241/what-is-the-best-way-to-concatenate-two-vectors,c++ combine two vectors
https://stackoverflow.com/questions/20368832/address-family-not-supported-by-protocol,address family not supported by protocol
https://stackoverflow.com/questions/5582211/what-does-define-gnu-source-imply/5583764,_gnu_source
https://stackoverflow.com/questions/20792499/how-to-get-fully-qualified-host-name-in-python,python get hostname
https://stackoverflow.com/questions/9551014/reading-parsing-text-file-input-c?rq=1,c++ parse file
https://stackoverflow.com/questions/18820197/curl-usage-to-get-header,curl get headers
https://stackoverflow.com/questions/16391708/how-to-make-array-of-nodes,array of nodes
https://stackoverflow.com/questions/2755945/how-can-i-use-as-the-delimiter-with-string-split-in-java,java split string on period
https://stackoverflow.com/questions/42259166/python-3-valueerror-not-enough-values-to-unpack-expected-3-got-2,"valueerror: not enough values to unpack (expected 3, got 2)"
