Product Title,Price,Availability
"SAMSUNG Galaxy Buds Live True Wireless Earbuds US Version Active Noise Cancelling Wireless Charging Case Included, Mystic Black",$129.99,In Stock.
"Sony WH-1000XM4 Wireless Industry Leading Noise Canceling Overhead Headphones with Mic for Phone-Call and Alexa Voice Control, Black",$348.00,In Stock.
"Jabra Elite 75t Earbuds – True Wireless Earbuds with Charging Case, Titanium Black – Active Noise Cancelling Bluetooth Earbuds with a Comfortable, Secure Fit, Long Battery Life, Great Sound",$99.99,In Stock.
"Samsung Galaxy Buds Plus, True Wireless Earbuds (Wireless Charging Case Included), Black – US Version",$99.00,In Stock.
"SAMSUNG Galaxy Buds Pro, Bluetooth Earbuds, True Wireless, Noise Cancelling, Charging Case, Quality Sound, Water Resistant, Phantom Black (US Version)",$152.66,In Stock.
"SAMSUNG Corded Type-C Earphones, White (EO-IC100BWEGUS)",$12.95,Only 16 left in stock - order soon.
"SAMSUNG Galaxy Buds 2 True Wireless Earbuds Noise Cancelling Ambient Sound Bluetooth Lightweight Comfort Fit Touch Control US Version, Black Graphite",$149.99,In Stock.
"SAMSUNG Galaxy Buds Live True Wireless Earbuds US Version Active Noise Cancelling Wireless Charging Case Included, Mystic Bronze",$127.00,Only 2 left in stock - order soon.
"SAMSUNG EO-IC100BBEGUS Corded Type-C Earphones, Black",$15.99,Only 13 left in stock - order soon.
AKG Y100 Wireless Bluetooth Earbuds - Blue (US Version),$55.15,In Stock.
"1MORE Triple Driver In-Ear Earphones Hi-Res Headphones with High Resolution, Bass Driven Sound, MEMS Mic, In-Line Remote, High Fidelity for Smartphones/PC/Tablet - Gold",$68.98,In Stock.
