Keyword,Suggestion
Is it OK to drink an expired *?,is it ok to drink expired juice boxes
Is it OK to drink an expired *?,is alcohol good after expiration date
Is it OK to drink an expired *?,is it ok to take expired acetaminophen
Is it OK to drink an expired *?,is it ok to drink milk that is expired
Is it OK to drink an expired *?,is it ok to take expired ranitidine
Is it OK to drink an expired *?,is it okay to take expired gas x
Is it OK to drink an expired *?,is it ok to take expired vitamin b12
Is it OK to drink an expired *?,how long are drinks good after expiration date
Is it OK to drink an expired *?,is it safe to drink expired juice boxes
Is it OK to drink an expired *?,is it bad to drink an expired coke
Is it OK to drink an expired *?,is it ok to drink an expired yakult
Is it OK to drink an expired *?,is it ok to drink out of date kefir
Is it OK to drink an expired *?,is it okay to drink expired nyquil
Is it OK to drink an expired *?,is it ok to take expired nyquil capsules
Is it OK to drink an expired *?,is it ok to take expired valium
Is it OK to drink an expired *?,is it bad to take expired birth control
Is it OK to drink an expired *?,is it safe to take expired cephalexin 500mg
Is it OK to drink an expired *?,is it ok to take expired naproxen
Is it OK to drink an expired *?,can expired drink make you sick
Is it OK to drink an expired *?,is it ok to take expired pepto bismol
Is it OK to drink an expired *?,is it ok to drink expired protein powder
Is it OK to drink an expired *?,is it bad to take expired medication
Is it OK to drink an expired *?,is it ok to drink expired neocitran
Is it OK to drink an expired *?,is it ok to drink old red wine
Is it OK to drink an expired *?,is it safe to drink old red wine
Is it OK to drink an expired *?,is it ok to take expired lisinopril
Is it OK to drink an expired *?,is it safe to drink expired canned soda
Is it OK to drink an expired *?,is it ok to take expired nitrofurantoin
Is it OK to drink an expired *?,is it ok to take expired prednisone
Is it OK to drink an expired *?,is it ok to take expired valacyclovir
Is it OK to drink an expired *?,is it ok to take expired gas x
Is it OK to drink an expired *?,is it ok to drink expired milk
Is it OK to drink an expired *?,is it ok to take expired klonopin
Is it OK to drink an expired *?,is it ok to take benadryl that expired
Is it OK to drink an expired *?,is it ok to take expired cold medicine
Is it OK to drink an expired *?,is it ok to take an expired sudafed
Is it OK to drink an expired *?,is it ok to take expired probiotics
Is it OK to drink an expired *?,is it ok to drink expired vitamin water
Is it OK to drink an expired *?,is it ok to take expired robaxin
Is it OK to drink an expired *?,is it ok to take expired anti diarrhea medicine
Is it OK to drink an expired *?,is it ok to drink old coffee
Is it OK to drink an expired *?,is it ok to take expired imodium
Is it OK to drink an expired *?,is it safe to take expired xyzal
Is it OK to drink an expired *?,is it ok to drink expired prune juice
Is it OK to drink an expired *?,is it ok to take expired aleve
Is it OK to drink an expired *?,is it ok to drink out of date lager
Is it OK to drink an expired *?,is it bad to drink expired kombucha
Is it OK to drink an expired *?,is it safe to take expired nitroglycerin
Is it OK to drink an expired *?,is it ok to take an expired ibuprofen
Is it OK to drink an expired *?,is it ok to take expired gaviscon tablets
Is it OK to drink an expired *?,is it safe to drink expired bottled water
Is it OK to drink an expired *?,if something is expired but frozen is it still good
Is it OK to drink an expired *?,is it ok to drink an expired beer
Is it OK to drink an expired *?,is it ok to drink expired almond milk
Is it OK to drink an expired *?,is it safe to take expired sildenafil
Is it OK to drink an expired *?,is it bad to drink old red wine
Is it OK to drink an expired *?,is it bad to use expired alcohol
Is it OK to drink an expired *?,is it bad to drink expired liquid protein shake
Is it OK to drink an expired *?,is it bad to drink expired protein shake
Is it OK to drink an expired *?,is it ok to drink expired orange juice
Is it OK to drink an expired *?,is it bad to drink expired green tea
Is it OK to drink an expired *?,is it ok to drink expired vitamins
Is it OK to drink an expired *?,is it ok to take an expired medicine
Is it OK to drink an expired *?,is it safe to take melatonin that's expired
Is it OK to drink an expired *?,is it ok to take expired fluconazole
Is it OK to drink an expired *?,is it ok to drink expired kool aid
Is it OK to drink an expired *?,is it ok to drink expired red bull
Is it OK to drink an expired *?,is it ok to take expired vitamin d
Is it OK to drink an expired *?,is it okay to drink expired yakult
Is it OK to drink an expired *?,is it ok to drink old wine
Is it OK to drink an expired *?,is it ok to drink day old coffee
Is it OK to drink an expired *?,is it ok to take expired loperamide
Is it OK to drink an expired *?,is it ok to drink expired coffee
Is it OK to drink an expired *?,is it safe to drink expired powdered juice
Is it OK to drink an expired *?,is it safe to drink expired 3 in 1 coffee
Is it OK to drink an expired *?,is it safe to drink 10 year old beer
Is it OK to drink an expired *?,is it bad to drink old water
Is it OK to drink an expired *?,is it bad to drink from old water bottles
Is it OK to drink an expired *?,is it ok to take expired nexium
Is it OK to drink an expired *?,is it ok to drink 3 day expired milk
Is it OK to drink an expired *?,is it ok to take expired guaifenesin
Is it OK to drink an expired *?,is it ok to take expired robitussin
Is it OK to drink an expired *?,is it ok to drink expired tea
Is it OK to drink an expired *?,is it bad to drink beer that expired
Is it OK to drink an expired *?,is it safe to drink 10 year old wine
Is it OK to drink an expired *?,is it ok to take expired melatonin
Is it OK to drink an expired *?,is it okay to drink soda that is expired
Is it OK to drink an expired *?,is it ok to take expired gravol
Is it OK to drink an expired *?,is it ok to take expired ibuprofen 800 mg
Is it OK to drink an expired *?,is it ok to take an expired vitamin
Is it OK to drink an expired *?,is it ok to drink expired coke zero
Is it OK to drink an expired *?,is it okay to take expired iron pills
Is it OK to drink an expired *?,is it ok to take an expired advil
Is it OK to drink an expired *?,is it okay to drink expired k cups
Is it OK to drink an expired *?,is it ok to take expired juice plus
Is it OK to drink an expired *?,is it ok to drink out of date j20
Is it OK to drink an expired *?,is it ok to take an expired plan b pill
Is it OK to drink an expired *?,is it ok to take an expired zyrtec
Is it OK to drink an expired *?,is it safe to take expired ibuprofen 800
Is it OK to drink an expired *?,is it ok to drink expired kombucha
Is it OK to drink an expired *?,is it ok to take expired lactaid pills
Is it OK to drink an expired *?,is it ok to take expired gaviscon
Is it OK to drink an expired *?,is it bad to take expired gas x
Is it OK to drink an expired *?,is it safe to drink an expired yakult
Is it OK to drink an expired *?,is mio still good after expiration date
Is it OK to drink an expired *?,is it ok to take expired levothyroxine
Is it OK to drink an expired *?,is it ok to take an expired tylenol
Is it OK to drink an expired *?,is it ok to take expired paracetamol
Is it OK to drink an expired *?,is it good to drink expired juice
Is it OK to drink an expired *?,is it ok to drink milk that expired
Is it OK to drink an expired *?,is it safe to drink expired water
Is it OK to drink an expired *?,is it okay to use expired alcohol
Is it OK to drink an expired *?,is it ok to take expired krill oil
Is it OK to drink an expired *?,is it ok to take expired allergy medicine
Is it OK to drink an expired *?,is it ok to take expired loratadine
Is it OK to drink an expired *?,is it ok to drink expired pedialyte
Is it OK to drink an expired *?,is it ok to drink expired cranberry juice
Is it OK to drink an expired *?,is it safe to take expired simethicone
Is it OK to drink an expired *?,is it ok to take expired keflex
Is it OK to drink an expired *?,is it safe to drink bottled water after expiration date
Is it OK to drink an expired *?,is it ok to take expired flexeril
Is it OK to drink an expired *?,can you drink on past expiration date
Is it OK to drink an expired *?,is it safe to take out of date medication
Is it OK to drink an expired *?,is it okay to drink expired soju
Is it OK to drink an expired *?,is it ok to drink expired green tea
Is it OK to drink an expired *?,is it ok to take an expired benadryl
Is it OK to drink an expired *?,is it ok to take expired laxatives
Is it OK to drink an expired *?,is it okay to drink an expired tea
Is it OK to drink an expired *?,what happens when you take an expired drink
Is it OK to drink an expired *?,is it safe to drink expired boxed wine
Is it OK to drink an expired *?,is it ok to take expired dayquil
Is it OK to drink an expired *?,is it ok to take expired rizatriptan
Is it OK to drink an expired *?,is it ok to drink expired kefir
Is it OK to drink an expired *?,is it ok to drink expired nyquil
Is it OK to drink an expired *?,is it safe to drink expired v8 juice
Is it OK to drink an expired *?,is it safe to drink expired premier protein shakes
Is it OK to drink an expired *?,do things really expire on the expiration date
Is it OK to drink an expired *?,is it ok to take expired vitamin b12 injections
Is it OK to drink an expired *?,is it bad to drink something expired
Is it OK to drink an expired *?,is it safe to drink expired boost
Is it OK to drink an expired *?,is it ok to take expired adderall
Is it OK to drink an expired *?,is it ok to drink expired juice
Is it OK to drink an expired *?,is it ok to take expired lorazepam
Is it OK to drink an expired *?,is it ok to take expired gabapentin
Is it OK to drink an expired *?,what happens if i drink something expired
Is it OK to drink an expired *?,is it ok to take expired amoxicillin
Is it OK to drink an expired *?,is it safe to take expired collagen
Is it OK to drink an expired *?,is it ok to take expired antacid
Is it OK to drink an expired *?,is it okay to drink expired tea bags
Is it OK to drink an expired *?,is it safe to drink an expired gatorade
Is it OK to drink an expired *?,is it ok to drink beer that is expired
Is it OK to drink an expired *?,is it ok to drink expired ginger ale
Is it OK to drink an expired *?,is it bad to take expired supplements
Is it OK to drink an expired *?,is it ok to drink expired k cups
Is it OK to drink an expired *?,is it bad to drink expired gfuel
Is it OK to drink an expired *?,is it ok to take expired ritalin
Is it OK to drink an expired *?,is it ok to take expired nyquil
Is it OK to drink an expired *?,is it ok to drink expired slim fast
Is it OK to drink an expired *?,is it safe to take expired omega 3
Is it OK to drink an expired *?,is it okay to drink tea that is expired
Is it OK to drink an expired *?,is it safe to take expired xarelto
Is it OK to drink an expired *?,is it ok to take expired ferrous sulfate
Is it OK to drink an expired *?,is it ok to take an expired z pack
Is it OK to drink an expired *?,is it ok to take expired antibiotics
Is it OK to drink an expired *?,is it okay to drink expired lemonade
Is it OK to drink an expired *?,is it safe to drink expired baileys
Is it OK to drink an expired *?,is it ok to take expired mucinex
Is it OK to drink an expired *?,is it ok to drink expired apple juice
Is it OK to drink an expired *?,is it ok to take an expired viagra
Is it OK to drink an expired *?,is it safe to take expired magnesium
Is it OK to drink an expired *?,is it ok to drink expired pepsi
Is it OK to drink an expired *?,is it okay to take expired pepto bismol
Is it OK to drink an expired *?,is it ok to take expired famotidine
Is it OK to drink an expired *?,is it ok to take expired reactine
Is it OK to drink an expired *?,is it ok to drink an expired protein shake
Is it OK to drink an expired *?,is it ok to take expired omega 3
